"","pm1","pm2.5","resp","pm10","total","date"
"1",0,0,0,0,0,2019-09-05 07:30:58
"2",0,0,0,0,0,2019-09-05 07:31:08
"3",0,0,0,0,0,2019-09-05 07:31:18
"4",0,0,0,0,0,2019-09-05 07:31:28
"5",0,0,0,0,0,2019-09-05 07:31:38
"6",0,0,0,0,0,2019-09-05 07:31:48
"7",0,0,0,0,0,2019-09-05 07:31:58
"8",0,0,0,0,0,2019-09-05 07:32:08
"9",0,0,0,0,0,2019-09-05 07:32:18
"10",0,0,0,0,0,2019-09-05 07:32:28
"11",0,0,0,0,0.001,2019-09-05 07:32:38
"12",0,0,0,0,0,2019-09-05 07:32:48
"13",0,0,0,0,0,2019-09-05 07:32:58
"14",0,0,0,0,0,2019-09-05 07:33:08
"15",0,0,0,0,0,2019-09-05 07:33:18
"16",0,0,0,0,0,2019-09-05 07:33:28
"17",0,0,0,0,0,2019-09-05 07:33:38
"18",0,0,0,0,0,2019-09-05 07:33:48
"19",0,0,0,0,0,2019-09-05 07:33:58
"20",0,0,0,0,0,2019-09-05 07:34:08
"21",0,0,0,0,0,2019-09-05 07:34:18
"22",0,0,0,0,0,2019-09-05 07:34:28
"23",0,0,0,0,0,2019-09-05 07:34:38
"24",0,0,0,0,0,2019-09-05 07:34:48
"25",0,0,0,0,0,2019-09-05 07:34:58
"26",0,0,0,0,0,2019-09-05 07:35:08
"27",0,0,0,0,0,2019-09-05 07:35:18
"28",0,0,0,0,0,2019-09-05 07:35:28
"29",0,0,0,0,0,2019-09-05 07:35:38
"30",0,0,0,0,0,2019-09-05 07:35:48
"31",0,0,0,0,0,2019-09-05 07:35:58
"32",0,0,0,0,0,2019-09-05 07:36:08
"33",0,0,0,0,0,2019-09-05 07:36:18
"34",0,0,0,0,0,2019-09-05 07:36:28
"35",0,0,0,0,0,2019-09-05 07:36:38
"36",0,0,0,0,0,2019-09-05 07:36:48
"37",0,0,0,0,0,2019-09-05 07:36:58
"38",0,0,0,0,0,2019-09-05 07:37:08
"39",0,0,0,0,0,2019-09-05 07:37:18
"40",0,0,0,0,0,2019-09-05 07:37:28
"41",0,0,0,0,0,2019-09-05 07:37:38
"42",0,0,0,0,0,2019-09-05 07:37:48
"43",0,0,0,0,0,2019-09-05 07:37:58
"44",0,0,0,0,0,2019-09-05 07:38:08
"45",0,0,0,0,0,2019-09-05 07:38:18
"46",0,0,0,0,0,2019-09-05 07:38:28
"47",0,0,0,0,0,2019-09-05 07:38:38
"48",0.006,0.006,0.006,0.006,0.006,2019-09-05 07:38:48
"49",0.017,0.017,0.017,0.017,0.017,2019-09-05 07:38:58
"50",0.024,0.025,0.025,0.025,0.025,2019-09-05 07:39:08
"51",0.016,0.018,0.018,0.019,0.019,2019-09-05 07:39:18
"52",0.007,0.008,0.008,0.008,0.008,2019-09-05 07:39:28
"53",0.007,0.007,0.007,0.008,0.008,2019-09-05 07:39:38
"54",0.007,0.008,0.008,0.008,0.008,2019-09-05 07:39:48
"55",0.007,0.008,0.008,0.009,0.009,2019-09-05 07:39:58
"56",0.006,0.007,0.007,0.007,0.007,2019-09-05 07:40:08
"57",0.007,0.007,0.008,0.008,0.008,2019-09-05 07:40:18
"58",0.005,0.006,0.007,0.007,0.007,2019-09-05 07:40:28
"59",0.001,0.001,0.001,0.001,0.001,2019-09-05 07:40:38
"60",0,0,0,0,0,2019-09-05 07:40:48
"61",0,0,0,0,0,2019-09-05 07:40:58
"62",0,0,0,0,0,2019-09-05 07:41:08
"63",0,0,0,0,0,2019-09-05 07:41:18
"64",-0.001,-0.001,-0.001,-0.001,-0.001,2019-09-05 07:41:28
"65",-0.001,-0.001,-0.001,-0.001,-0.001,2019-09-05 07:41:38
"66",-0.001,-0.001,-0.001,-0.001,-0.001,2019-09-05 07:41:48
"67",-0.001,-0.001,-0.001,-0.001,-0.001,2019-09-05 07:41:58
"68",-0.001,-0.001,-0.001,-0.001,-0.001,2019-09-05 07:42:08
"69",0,0,0,0,0,2019-09-05 07:42:18
"70",0,0,0,0,0,2019-09-05 07:42:28
"71",0,0,0,0,0,2019-09-05 07:42:38
"72",0,0,0,0,0,2019-09-05 07:42:48
"73",0,0,0,0,0,2019-09-05 07:42:58
"74",0,0,0,0,0,2019-09-05 07:43:08
"75",0,0,0,0,0,2019-09-05 07:43:18
"76",0,0,0,0,0,2019-09-05 07:43:28
"77",0,0,0,0,0,2019-09-05 07:43:38
"78",0,0,0,0,0,2019-09-05 07:43:48
"79",0,0,0,0,0,2019-09-05 07:43:58
"80",0,0,0,0,0,2019-09-05 07:44:08
"81",0,0,0,0,0,2019-09-05 07:44:18
"82",0,0,0,0,0,2019-09-05 07:44:28
"83",0.003,0.003,0.003,0.003,0.003,2019-09-05 07:44:38
"84",0.05,0.051,0.051,0.051,0.051,2019-09-05 07:44:48
"85",0.092,0.094,0.095,0.096,0.096,2019-09-05 07:44:58
"86",0.098,0.101,0.102,0.103,0.106,2019-09-05 07:45:08
"87",0.097,0.1,0.101,0.101,0.109,2019-09-05 07:45:18
"88",0.096,0.099,0.1,0.102,0.102,2019-09-05 07:45:28
"89",0.048,0.049,0.05,0.05,0.05,2019-09-05 07:45:38
"90",0.019,0.02,0.02,0.022,0.022,2019-09-05 07:45:48
"91",0.008,0.008,0.008,0.008,0.008,2019-09-05 07:45:58
"92",0.004,0.004,0.004,0.004,0.004,2019-09-05 07:46:08
"93",0.004,0.004,0.004,0.004,0.004,2019-09-05 07:46:18
"94",0.006,0.006,0.006,0.006,0.006,2019-09-05 07:46:28
"95",0.023,0.025,0.026,0.028,0.03,2019-09-05 07:46:38
"96",0.03,0.033,0.034,0.035,0.036,2019-09-05 07:46:48
"97",0.032,0.035,0.036,0.037,0.037,2019-09-05 07:46:58
"98",0.016,0.018,0.019,0.021,0.022,2019-09-05 07:47:08
"99",0.005,0.006,0.006,0.008,0.008,2019-09-05 07:47:18
"100",0.005,0.006,0.006,0.006,0.006,2019-09-05 07:47:28
"101",0.004,0.005,0.005,0.005,0.005,2019-09-05 07:47:38
"102",0.004,0.005,0.005,0.006,0.006,2019-09-05 07:47:48
"103",0.012,0.013,0.014,0.015,0.015,2019-09-05 07:47:58
"104",0.027,0.031,0.032,0.034,0.034,2019-09-05 07:48:08
"105",0.028,0.031,0.032,0.034,0.034,2019-09-05 07:48:18
"106",0.029,0.032,0.033,0.04,0.04,2019-09-05 07:48:28
"107",0.017,0.018,0.019,0.02,0.02,2019-09-05 07:48:38
"108",0.006,0.007,0.008,0.009,0.009,2019-09-05 07:48:48
"109",0.006,0.007,0.008,0.009,0.009,2019-09-05 07:48:58
"110",0.005,0.006,0.007,0.007,0.007,2019-09-05 07:49:08
"111",0.005,0.006,0.007,0.007,0.007,2019-09-05 07:49:18
"112",0.005,0.006,0.007,0.007,0.007,2019-09-05 07:49:28
"113",0.018,0.021,0.022,0.023,0.023,2019-09-05 07:49:38
"114",0.058,0.067,0.07,0.074,0.076,2019-09-05 07:49:48
"115",0.067,0.077,0.081,0.089,0.091,2019-09-05 07:49:58
"116",0.069,0.079,0.084,0.091,0.091,2019-09-05 07:50:08
"117",0.063,0.073,0.077,0.082,0.085,2019-09-05 07:50:18
"118",0.026,0.031,0.033,0.033,0.035,2019-09-05 07:50:28
"119",0.011,0.014,0.014,0.015,0.015,2019-09-05 07:50:38
"120",0.01,0.011,0.012,0.013,0.013,2019-09-05 07:50:48
"121",0.009,0.011,0.012,0.013,0.013,2019-09-05 07:50:58
"122",0.008,0.01,0.011,0.011,0.011,2019-09-05 07:51:08
"123",0.01,0.012,0.012,0.013,0.013,2019-09-05 07:51:18
"124",0.035,0.04,0.043,0.046,0.046,2019-09-05 07:51:28
"125",0.048,0.055,0.058,0.061,0.061,2019-09-05 07:51:38
"126",0.051,0.058,0.06,0.063,0.063,2019-09-05 07:51:48
"127",0.044,0.049,0.052,0.057,0.057,2019-09-05 07:51:58
"128",0.015,0.018,0.019,0.02,0.02,2019-09-05 07:52:08
"129",0.006,0.007,0.007,0.009,0.009,2019-09-05 07:52:18
"130",0.003,0.005,0.005,0.005,0.005,2019-09-05 07:52:28
"131",0.003,0.004,0.005,0.005,0.005,2019-09-05 07:52:38
"132",0.003,0.004,0.004,0.005,0.005,2019-09-05 07:52:48
"133",0.008,0.01,0.01,0.011,0.011,2019-09-05 07:52:58
"134",0.022,0.025,0.027,0.028,0.028,2019-09-05 07:53:08
"135",0.025,0.028,0.03,0.031,0.031,2019-09-05 07:53:18
"136",0.027,0.03,0.031,0.032,0.032,2019-09-05 07:53:28
"137",0.024,0.027,0.028,0.029,0.029,2019-09-05 07:53:38
"138",0.01,0.012,0.013,0.013,0.013,2019-09-05 07:53:48
"139",0.003,0.003,0.004,0.004,0.004,2019-09-05 07:53:58
"140",0,0,0.001,0.001,0.001,2019-09-05 07:54:08
"141",0,0,0,0,0,2019-09-05 07:54:18
"142",0,0.001,0.001,0.001,0.001,2019-09-05 07:54:28
"143",0.013,0.015,0.016,0.017,0.019,2019-09-05 07:54:38
"144",0.019,0.022,0.023,0.024,0.025,2019-09-05 07:54:48
"145",0.02,0.023,0.023,0.025,0.025,2019-09-05 07:54:58
"146",0.02,0.023,0.024,0.025,0.025,2019-09-05 07:55:08
"147",0.02,0.022,0.024,0.024,0.024,2019-09-05 07:55:18
"148",0.019,0.021,0.022,0.023,0.023,2019-09-05 07:55:28
"149",0.019,0.022,0.023,0.025,0.029,2019-09-05 07:55:38
"150",0.019,0.022,0.023,0.024,0.024,2019-09-05 07:55:48
"151",0.019,0.021,0.022,0.023,0.023,2019-09-05 07:55:58
"152",0.019,0.021,0.022,0.024,0.024,2019-09-05 07:56:08
"153",0.018,0.021,0.022,0.023,0.023,2019-09-05 07:56:18
"154",0.019,0.021,0.022,0.022,0.022,2019-09-05 07:56:28
"155",0.018,0.02,0.02,0.021,0.021,2019-09-05 07:56:38
"156",0.018,0.02,0.021,0.021,0.021,2019-09-05 07:56:48
"157",0.018,0.02,0.021,0.021,0.021,2019-09-05 07:56:58
"158",0.017,0.02,0.021,0.021,0.021,2019-09-05 07:57:08
"159",0.016,0.018,0.019,0.02,0.02,2019-09-05 07:57:18
"160",0.017,0.02,0.02,0.021,0.022,2019-09-05 07:57:28
"161",0.017,0.019,0.02,0.02,0.022,2019-09-05 07:57:38
"162",0.017,0.019,0.02,0.02,0.02,2019-09-05 07:57:48
"163",0.017,0.019,0.019,0.021,0.021,2019-09-05 07:57:58
"164",0.017,0.019,0.02,0.02,0.02,2019-09-05 07:58:08
"165",0.017,0.019,0.02,0.021,0.021,2019-09-05 07:58:18
"166",0.016,0.018,0.019,0.02,0.02,2019-09-05 07:58:28
"167",0.016,0.018,0.019,0.019,0.019,2019-09-05 07:58:38
"168",0.016,0.018,0.018,0.019,0.019,2019-09-05 07:58:48
"169",0.014,0.016,0.017,0.018,0.018,2019-09-05 07:58:58
"170",0.008,0.01,0.01,0.01,0.01,2019-09-05 07:59:08
"171",0.008,0.009,0.01,0.011,0.011,2019-09-05 07:59:18
"172",0.008,0.009,0.009,0.009,0.009,2019-09-05 07:59:28
"173",0.008,0.009,0.009,0.009,0.009,2019-09-05 07:59:38
"174",0.008,0.009,0.009,0.009,0.009,2019-09-05 07:59:48
"175",0.008,0.009,0.01,0.01,0.01,2019-09-05 07:59:58
"176",0.007,0.008,0.009,0.009,0.009,2019-09-05 08:00:08
"177",0.008,0.009,0.009,0.009,0.009,2019-09-05 08:00:18
"178",0.004,0.005,0.005,0.005,0.005,2019-09-05 08:00:28
"179",0.004,0.004,0.005,0.005,0.005,2019-09-05 08:00:38
"180",0.003,0.004,0.004,0.004,0.004,2019-09-05 08:00:48
"181",0.004,0.004,0.005,0.005,0.005,2019-09-05 08:00:58
"182",0.003,0.004,0.004,0.004,0.004,2019-09-05 08:01:08
"183",0.003,0.004,0.004,0.004,0.004,2019-09-05 08:01:18
"184",0.003,0.004,0.004,0.004,0.004,2019-09-05 08:01:28
"185",0.003,0.003,0.004,0.004,0.004,2019-09-05 08:01:38
"186",0.003,0.004,0.004,0.004,0.004,2019-09-05 08:01:48
"187",0.003,0.004,0.004,0.004,0.004,2019-09-05 08:01:58
"188",0.003,0.004,0.004,0.004,0.004,2019-09-05 08:02:08
"189",0.002,0.002,0.002,0.002,0.002,2019-09-05 08:02:18
"190",0,0,0,0,0,2019-09-05 08:02:28
"191",0,0,0,0,0,2019-09-05 08:02:38
"192",0.008,0.008,0.008,0.008,0.008,2019-09-05 08:02:48
"193",0.009,0.009,0.009,0.009,0.009,2019-09-05 08:02:58
"194",0.008,0.008,0.008,0.008,0.008,2019-09-05 08:03:08
"195",0.005,0.006,0.006,0.006,0.006,2019-09-05 08:03:18
"196",0.001,0.001,0.001,0.001,0.001,2019-09-05 08:03:28
"197",0.001,0.001,0.001,0.001,0.001,2019-09-05 08:03:38
"198",0.001,0.001,0.001,0.001,0.001,2019-09-05 08:03:48
"199",0.001,0.001,0.001,0.001,0.001,2019-09-05 08:03:58
"200",0.001,0.001,0.001,0.001,0.001,2019-09-05 08:04:08
"201",0.002,0.002,0.002,0.002,0.002,2019-09-05 08:04:18
"202",0.05,0.05,0.05,0.05,0.063,2019-09-05 08:04:28
"203",0.044,0.044,0.044,0.044,0.044,2019-09-05 08:04:38
"204",0.041,0.041,0.041,0.041,0.041,2019-09-05 08:04:48
"205",0.025,0.025,0.025,0.025,0.025,2019-09-05 08:04:58
"206",0.008,0.008,0.008,0.008,0.008,2019-09-05 08:05:08
"207",0.004,0.004,0.004,0.004,0.004,2019-09-05 08:05:18
"208",0.004,0.004,0.004,0.004,0.004,2019-09-05 08:05:28
"209",0.004,0.005,0.005,0.005,0.005,2019-09-05 08:05:38
"210",0.004,0.004,0.004,0.004,0.004,2019-09-05 08:05:48
"211",0.005,0.005,0.005,0.005,0.005,2019-09-05 08:05:58
"212",0.005,0.005,0.005,0.005,0.005,2019-09-05 08:06:08
"213",0.008,0.008,0.008,0.008,0.008,2019-09-05 08:06:18
"214",0.014,0.014,0.014,0.014,0.014,2019-09-05 08:06:28
"215",0.012,0.012,0.012,0.012,0.012,2019-09-05 08:06:38
"216",0.011,0.011,0.011,0.011,0.011,2019-09-05 08:06:48
"217",0.003,0.003,0.003,0.003,0.003,2019-09-05 08:06:58
"218",0.001,0.002,0.002,0.002,0.002,2019-09-05 08:07:08
"219",0.002,0.002,0.002,0.002,0.002,2019-09-05 08:07:18
"220",0.002,0.002,0.002,0.002,0.002,2019-09-05 08:07:28
"221",0.002,0.002,0.002,0.002,0.002,2019-09-05 08:07:38
"222",0.002,0.002,0.002,0.002,0.002,2019-09-05 08:07:48
"223",0.016,0.016,0.016,0.016,0.016,2019-09-05 08:07:58
"224",0.018,0.018,0.018,0.018,0.018,2019-09-05 08:08:08
"225",0.016,0.016,0.016,0.016,0.016,2019-09-05 08:08:18
"226",0.013,0.013,0.013,0.013,0.013,2019-09-05 08:08:28
"227",0.006,0.006,0.006,0.006,0.006,2019-09-05 08:08:38
"228",0.006,0.006,0.006,0.006,0.006,2019-09-05 08:08:48
"229",0.005,0.005,0.005,0.005,0.005,2019-09-05 08:08:58
"230",0.006,0.007,0.007,0.007,0.007,2019-09-05 08:09:08
"231",0.006,0.006,0.006,0.006,0.006,2019-09-05 08:09:18
"232",0.006,0.007,0.007,0.007,0.007,2019-09-05 08:09:28
"233",0.035,0.036,0.036,0.036,0.036,2019-09-05 08:09:38
"234",0.031,0.031,0.031,0.031,0.031,2019-09-05 08:09:48
"235",0.028,0.029,0.029,0.029,0.029,2019-09-05 08:09:58
"236",0.014,0.015,0.015,0.015,0.015,2019-09-05 08:10:08
"237",0.005,0.005,0.005,0.005,0.005,2019-09-05 08:10:18
"238",0.005,0.005,0.005,0.005,0.005,2019-09-05 08:10:28
"239",0.005,0.005,0.005,0.005,0.005,2019-09-05 08:10:38
"240",0.005,0.005,0.005,0.005,0.005,2019-09-05 08:10:48
"241",0.005,0.005,0.005,0.005,0.005,2019-09-05 08:10:58
"242",0.008,0.008,0.008,0.008,0.008,2019-09-05 08:11:08
"243",0.029,0.029,0.029,0.029,0.029,2019-09-05 08:11:18
"244",0.025,0.025,0.025,0.025,0.025,2019-09-05 08:11:28
"245",0.021,0.022,0.022,0.022,0.022,2019-09-05 08:11:38
"246",0.007,0.007,0.007,0.008,0.008,2019-09-05 08:11:48
"247",0.001,0.001,0.001,0.001,0.001,2019-09-05 08:11:58
"248",0,0,0,0,0,2019-09-05 08:12:08
"249",0,0,0,0,0,2019-09-05 08:12:18
"250",0,0,0,0,0,2019-09-05 08:12:28
"251",0,0,0,0,0,2019-09-05 08:12:38
"252",0.007,0.007,0.007,0.007,0.007,2019-09-05 08:12:48
"253",0.031,0.031,0.031,0.031,0.031,2019-09-05 08:12:58
"254",0.029,0.029,0.029,0.029,0.029,2019-09-05 08:13:08
"255",0.028,0.029,0.029,0.029,0.029,2019-09-05 08:13:18
"256",0.027,0.027,0.027,0.027,0.027,2019-09-05 08:13:28
"257",0.027,0.027,0.027,0.027,0.027,2019-09-05 08:13:38
"258",0.026,0.026,0.026,0.026,0.026,2019-09-05 08:13:48
"259",0.026,0.026,0.026,0.026,0.026,2019-09-05 08:13:58
"260",0.025,0.025,0.025,0.025,0.025,2019-09-05 08:14:08
"261",0.025,0.025,0.025,0.025,0.025,2019-09-05 08:14:18
"262",0.025,0.025,0.025,0.025,0.025,2019-09-05 08:14:28
"263",0.025,0.025,0.025,0.025,0.025,2019-09-05 08:14:38
"264",0.024,0.024,0.024,0.024,0.024,2019-09-05 08:14:48
"265",0.024,0.024,0.024,0.024,0.024,2019-09-05 08:14:58
"266",0.023,0.023,0.023,0.023,0.023,2019-09-05 08:15:08
"267",0.023,0.023,0.023,0.023,0.023,2019-09-05 08:15:18
"268",0.023,0.023,0.023,0.023,0.023,2019-09-05 08:15:28
"269",0.023,0.023,0.023,0.023,0.023,2019-09-05 08:15:38
"270",0.022,0.022,0.022,0.022,0.022,2019-09-05 08:15:48
"271",0.022,0.022,0.022,0.022,0.022,2019-09-05 08:15:58
"272",0.021,0.021,0.021,0.021,0.021,2019-09-05 08:16:08
"273",0.016,0.016,0.016,0.016,0.016,2019-09-05 08:16:18
"274",0.009,0.009,0.009,0.009,0.009,2019-09-05 08:16:28
"275",0.009,0.009,0.009,0.009,0.009,2019-09-05 08:16:38
"276",0.008,0.008,0.008,0.008,0.008,2019-09-05 08:16:48
"277",0.008,0.008,0.008,0.008,0.008,2019-09-05 08:16:58
"278",0.007,0.007,0.007,0.008,0.008,2019-09-05 08:17:08
"279",0.008,0.008,0.008,0.008,0.008,2019-09-05 08:17:18
"280",0.007,0.008,0.008,0.008,0.008,2019-09-05 08:17:28
"281",0.007,0.007,0.007,0.007,0.007,2019-09-05 08:17:38
"282",0.007,0.007,0.007,0.007,0.007,2019-09-05 08:17:48
"283",0.007,0.007,0.007,0.007,0.007,2019-09-05 08:17:58
"284",0.007,0.007,0.007,0.007,0.007,2019-09-05 08:18:08
"285",0.007,0.007,0.007,0.007,0.007,2019-09-05 08:18:18
"286",0.007,0.007,0.007,0.007,0.007,2019-09-05 08:18:28
"287",0.007,0.007,0.007,0.007,0.007,2019-09-05 08:18:38
"288",0.006,0.006,0.006,0.006,0.006,2019-09-05 08:18:48
"289",0.006,0.006,0.006,0.006,0.006,2019-09-05 08:18:58
"290",0.005,0.006,0.006,0.006,0.006,2019-09-05 08:19:08
"291",0.005,0.005,0.005,0.005,0.005,2019-09-05 08:19:18
"292",0.005,0.005,0.005,0.005,0.005,2019-09-05 08:19:28
"293",0.005,0.005,0.005,0.005,0.005,2019-09-05 08:19:38
"294",0.005,0.005,0.005,0.005,0.005,2019-09-05 08:19:48
"295",0.004,0.005,0.005,0.005,0.005,2019-09-05 08:19:58
"296",0.008,0.008,0.008,0.008,0.008,2019-09-05 08:20:08
"297",0.009,0.01,0.01,0.01,0.01,2019-09-05 08:20:18
"298",0.01,0.01,0.01,0.01,0.01,2019-09-05 08:20:28
"299",0.01,0.01,0.01,0.01,0.01,2019-09-05 08:20:38
"300",0.009,0.009,0.009,0.009,0.009,2019-09-05 08:20:48
"301",0.008,0.008,0.008,0.008,0.008,2019-09-05 08:20:58
"302",0.007,0.007,0.007,0.008,0.008,2019-09-05 08:21:08
"303",0.007,0.007,0.007,0.007,0.007,2019-09-05 08:21:18
"304",0.007,0.007,0.007,0.007,0.007,2019-09-05 08:21:28
"305",0.006,0.006,0.006,0.006,0.006,2019-09-05 08:21:38
"306",0.006,0.006,0.006,0.006,0.006,2019-09-05 08:21:48
"307",0.005,0.005,0.005,0.005,0.005,2019-09-05 08:21:58
"308",0.005,0.005,0.005,0.005,0.005,2019-09-05 08:22:08
"309",0.005,0.005,0.005,0.005,0.005,2019-09-05 08:22:18
"310",0.004,0.004,0.004,0.004,0.004,2019-09-05 08:22:28
"311",0.004,0.004,0.004,0.004,0.004,2019-09-05 08:22:38
"312",0.004,0.004,0.004,0.004,0.004,2019-09-05 08:22:48
"313",0.004,0.004,0.004,0.004,0.004,2019-09-05 08:22:58
"314",0.003,0.003,0.003,0.003,0.003,2019-09-05 08:23:08
"315",0.003,0.003,0.003,0.003,0.003,2019-09-05 08:23:18
"316",0.003,0.003,0.003,0.003,0.003,2019-09-05 08:23:28
"317",0.003,0.003,0.003,0.003,0.003,2019-09-05 08:23:38
"318",0.002,0.002,0.002,0.002,0.002,2019-09-05 08:23:48
"319",0.002,0.003,0.003,0.003,0.003,2019-09-05 08:23:58
"320",0.002,0.002,0.002,0.002,0.002,2019-09-05 08:24:08
"321",0.002,0.002,0.002,0.002,0.002,2019-09-05 08:24:18
"322",0.002,0.002,0.002,0.002,0.002,2019-09-05 08:24:28
"323",0.002,0.002,0.002,0.002,0.002,2019-09-05 08:24:38
"324",0.002,0.002,0.002,0.002,0.002,2019-09-05 08:24:48
"325",0.001,0.001,0.001,0.001,0.001,2019-09-05 08:24:58
"326",0.002,0.002,0.002,0.002,0.002,2019-09-05 08:25:08
"327",0.001,0.001,0.001,0.001,0.001,2019-09-05 08:25:18
"328",0.001,0.001,0.001,0.001,0.001,2019-09-05 08:25:28
"329",0.001,0.001,0.001,0.001,0.001,2019-09-05 08:25:38
"330",0.001,0.001,0.001,0.001,0.001,2019-09-05 08:25:48
"331",0.001,0.001,0.001,0.001,0.001,2019-09-05 08:25:58
"332",0.001,0.001,0.001,0.001,0.001,2019-09-05 08:26:08
"333",0,0,0,0,0,2019-09-05 08:26:18
"334",0,0,0,0,0,2019-09-05 08:26:28
"335",0,0,0,0,0,2019-09-05 08:26:38
"336",0,0,0,0,0,2019-09-05 08:26:48
"337",0,0,0,0,0,2019-09-05 08:26:58
"338",0,0,0,0,0,2019-09-05 08:27:08
"339",0,0,0,0,0,2019-09-05 08:27:18
"340",0,0,0,0,0,2019-09-05 08:27:28
"341",0,0,0,0,0,2019-09-05 08:27:38
"342",0,0,0,0,0,2019-09-05 08:27:48
"343",0,0,0,0,0,2019-09-05 08:27:58
"344",0,0,0,0,0,2019-09-05 08:28:08
"345",0,0,0,0,0,2019-09-05 08:28:18
"346",0,0,0,0,0,2019-09-05 08:28:28
"347",0,0,0,0,0,2019-09-05 08:28:38
"348",0,0,0,0,0,2019-09-05 08:28:48
"349",0,0,0,0,0,2019-09-05 08:28:58
"350",0,0,0,0,0,2019-09-05 08:29:08
"351",0,0,0,0,0,2019-09-05 08:29:18
"352",0,0,0,0,0,2019-09-05 08:29:28
"353",0,0,0,0,0,2019-09-05 08:29:38
"354",0,0,0,0,0,2019-09-05 08:29:48
"355",0,0,0,0,0,2019-09-05 08:29:58
"356",0,0,0,0,0,2019-09-05 08:30:08
"357",0,0,0,0,0,2019-09-05 08:30:18
"358",0,0,0,0,0,2019-09-05 08:30:28
"359",0,0,0,0,0,2019-09-05 08:30:38
"360",0,0,0,0,0,2019-09-05 08:30:48
"361",0,0,0,0,0,2019-09-05 08:30:58
"362",0,0,0,0,0,2019-09-05 08:31:08
"363",0,0,0,0,0,2019-09-05 08:31:18
"364",0,0,0,0,0,2019-09-05 08:31:28
"365",0,0,0,0,0,2019-09-05 08:31:38
"366",0,0,0,0,0,2019-09-05 08:31:48
"367",0,0,0,0,0,2019-09-05 08:31:58
"368",0,0,0,0,0,2019-09-05 08:32:08
"369",0,0,0,0,0,2019-09-05 08:32:18
"370",0,0,0,0,0,2019-09-05 08:32:28
"371",0,0,0,0,0,2019-09-05 08:32:38
"372",0,0,0,0,0,2019-09-05 08:32:48
"373",0,0,0,0,0,2019-09-05 08:32:58
"374",0,0,0,0,0,2019-09-05 08:33:08
"375",0,0,0,0,0,2019-09-05 08:33:18
"376",0,0,0,0,0,2019-09-05 08:33:28
"377",0,0,0,0,0,2019-09-05 08:33:38
"378",0,0,0,0,0,2019-09-05 08:33:48
"379",0,0,0,0,0,2019-09-05 08:33:58
"380",0,0,0,0,0,2019-09-05 08:34:08
"381",0,0,0,0,0,2019-09-05 08:34:18
"382",0,0,0,0,0,2019-09-05 08:34:28
"383",0,0,0,0,0,2019-09-05 08:34:38
"384",0,0,0,0,0,2019-09-05 08:34:48
"385",0,0,0,0,0,2019-09-05 08:34:58
"386",0,0,0,0,0,2019-09-05 08:35:08
"387",0,0,0,0,0,2019-09-05 08:35:18
"388",0,0,0,0,0,2019-09-05 08:35:28
"389",0,0,0,0,0,2019-09-05 08:35:38
"390",0,0,0,0,0,2019-09-05 08:35:48
"391",0,0,0,0,0,2019-09-05 08:35:58
"392",0,0,0,0,0,2019-09-05 08:36:08
"393",0,0,0,0,0,2019-09-05 08:36:18
"394",0,0,0,0,0,2019-09-05 08:36:28
"395",0,0,0,0,0,2019-09-05 08:36:38
"396",0,0,0,0,0,2019-09-05 08:36:48
"397",0,0,0,0,0,2019-09-05 08:36:58
"398",0,0,0,0,0,2019-09-05 08:37:08
"399",0,0,0,0,0,2019-09-05 08:37:18
"400",0,0,0,0,0,2019-09-05 08:37:28
"401",0,0,0,0,0,2019-09-05 08:37:38
"402",0,0,0,0,0,2019-09-05 08:37:48
"403",0,0,0,0,0,2019-09-05 08:37:58
"404",0,0,0,0,0,2019-09-05 08:38:08
"405",0,0,0,0,0,2019-09-05 08:38:18
"406",0,0,0,0,0,2019-09-05 08:38:28
"407",0,0,0,0,0,2019-09-05 08:38:38
"408",0,0,0,0,0,2019-09-05 08:38:48
"409",0,0,0,0,0,2019-09-05 08:38:58
"410",0,0,0,0,0,2019-09-05 08:39:08
"411",0,0,0,0,0,2019-09-05 08:39:18
"412",0,0,0,0,0,2019-09-05 08:39:28
"413",0,0,0,0,0,2019-09-05 08:39:38
"414",0,0,0,0,0,2019-09-05 08:39:48
"415",0,0,0,0,0,2019-09-05 08:39:58
"416",0,0,0,0,0,2019-09-05 08:40:08
"417",0,0,0,0,0,2019-09-05 08:40:18
"418",0,0,0,0,0,2019-09-05 08:40:28
"419",0,0,0,0,0,2019-09-05 08:40:38
"420",0,0,0,0,0,2019-09-05 08:40:48
"421",0,0,0,0,0,2019-09-05 08:40:58
"422",0,0,0,0,0,2019-09-05 08:41:08
"423",0,0,0,0,0,2019-09-05 08:41:18
"424",0,0,0,0,0,2019-09-05 08:41:28
"425",0,0,0,0,0,2019-09-05 08:41:38
"426",0,0,0,0,0,2019-09-05 08:41:48
"427",0,0,0,0,0,2019-09-05 08:41:58
"428",0,0,0,0,0,2019-09-05 08:42:08
"429",0,0,0,0,0,2019-09-05 08:42:18
"430",0,0,0,0,0,2019-09-05 08:42:28
"431",0,0,0,0,0,2019-09-05 08:42:38
"432",0,0,0,0,0,2019-09-05 08:42:48
"433",0,0,0,0,0,2019-09-05 08:42:58
"434",0,0,0,0,0,2019-09-05 08:43:08
"435",0,0,0,0,0,2019-09-05 08:43:18
"436",0,0,0,0,0,2019-09-05 08:43:28
"437",0,0,0,0,0,2019-09-05 08:43:38
"438",0,0,0,0,0,2019-09-05 08:43:48
"439",0,0,0,0,0,2019-09-05 08:43:58
"440",0,0,0,0,0,2019-09-05 08:44:08
"441",0,0,0,0,0,2019-09-05 08:44:18
"442",0,0,0,0,0,2019-09-05 08:44:28
"443",0,0,0,0,0,2019-09-05 08:44:38
"444",0,0,0,0,0,2019-09-05 08:44:48
"445",0,0,0,0,0,2019-09-05 08:44:58
"446",0,0,0,0,0,2019-09-05 08:45:08
"447",0,0,0,0,0,2019-09-05 08:45:18
"448",0,0,0,0,0,2019-09-05 08:45:28
"449",0,0,0,0,0,2019-09-05 08:45:38
"450",0,0,0,0,0,2019-09-05 08:45:48
"451",0,0,0,0,0,2019-09-05 08:45:58
"452",0,0,0,0,0,2019-09-05 08:46:08
"453",0,0,0,0,0,2019-09-05 08:46:18
"454",0,0,0,0,0,2019-09-05 08:46:28
"455",0,0,0,0,0,2019-09-05 08:46:38
"456",0,0,0,0,0,2019-09-05 08:46:48
"457",0,0,0,0,0,2019-09-05 08:46:58
"458",0,0,0,0,0,2019-09-05 08:47:08
"459",0,0,0,0,0,2019-09-05 08:47:18
"460",0,0,0,0,0,2019-09-05 08:47:28
"461",0,0,0,0,0,2019-09-05 08:47:38
"462",0,0,0,0,0,2019-09-05 08:47:48
"463",0,0,0,0,0,2019-09-05 08:47:58
"464",0,0,0,0,0,2019-09-05 08:48:08
"465",0,0,0,0,0,2019-09-05 08:48:18
"466",0,0,0,0,0,2019-09-05 08:48:28
"467",0,0,0,0,0,2019-09-05 08:48:38
"468",0,0,0,0,0,2019-09-05 08:48:48
"469",0,0,0,0,0,2019-09-05 08:48:58
"470",0,0,0,0,0,2019-09-05 08:49:08
"471",0,0,0,0,0,2019-09-05 08:49:18
"472",0,0,0,0,0,2019-09-05 08:49:28
"473",0,0,0,0,0,2019-09-05 08:49:38
"474",0,0,0,0,0,2019-09-05 08:49:48
"475",0,0,0,0,0,2019-09-05 08:49:58
"476",0,0,0,0,0,2019-09-05 08:50:08
"477",0,0,0,0,0,2019-09-05 08:50:18
"478",0,0,0,0,0,2019-09-05 08:50:28
"479",0,0,0,0,0,2019-09-05 08:50:38
"480",0,0,0,0,0,2019-09-05 08:50:48
"481",0,0,0,0,0,2019-09-05 08:50:58
"482",0,0,0,0,0,2019-09-05 08:51:08
"483",0,0,0,0,0,2019-09-05 08:51:18
"484",0,0,0,0,0,2019-09-05 08:51:28
"485",0,0,0,0,0,2019-09-05 08:51:38
"486",0,0,0,0,0,2019-09-05 08:51:48
"487",0,0,0,0,0,2019-09-05 08:51:58
"488",0,0,0,0,0,2019-09-05 08:52:08
"489",0,0,0,0,0,2019-09-05 08:52:18
"490",0,0,0,0,0,2019-09-05 08:52:28
"491",0,0,0,0,0.007,2019-09-05 08:52:38
"492",0,0,0,0,0,2019-09-05 08:52:48
"493",0,0,0,0,0,2019-09-05 08:52:58
"494",0,0,0,0,0,2019-09-05 08:53:08
"495",0,0,0,0,0,2019-09-05 08:53:18
"496",0,0,0,0,0,2019-09-05 08:53:28
"497",0,0,0,0,0,2019-09-05 08:53:38
"498",0,0,0,0,0,2019-09-05 08:53:48
"499",0,0,0,0,0,2019-09-05 08:53:58
"500",0,0,0,0,0,2019-09-05 08:54:08
"501",0,0,0,0,0,2019-09-05 08:54:18
"502",0,0,0,0,0,2019-09-05 08:54:28
"503",0,0,0,0,0,2019-09-05 08:54:38
"504",0,0,0,0,0,2019-09-05 08:54:48
"505",0,0,0,0,0,2019-09-05 08:54:58
"506",0,0,0,0,0,2019-09-05 08:55:08
"507",0,0,0,0,0,2019-09-05 08:55:18
"508",0,0,0,0,0,2019-09-05 08:55:28
"509",0,0,0,0,0,2019-09-05 08:55:38
"510",0,0,0,0,0,2019-09-05 08:55:48
"511",0,0,0,0,0,2019-09-05 08:55:58
"512",0,0,0,0,0,2019-09-05 08:56:08
"513",0,0,0,0,0,2019-09-05 08:56:18
"514",0,0,0,0,0,2019-09-05 08:56:28
"515",0,0,0,0,0,2019-09-05 08:56:38
"516",0,0,0,0,0,2019-09-05 08:56:48
"517",0,0,0,0,0,2019-09-05 08:56:58
"518",0,0,0,0,0,2019-09-05 08:57:08
"519",0,0,0,0,0,2019-09-05 08:57:18
"520",0,0,0,0,0,2019-09-05 08:57:28
"521",0,0,0,0,0,2019-09-05 08:57:38
"522",0,0,0,0,0,2019-09-05 08:57:48
"523",0,0,0,0,0,2019-09-05 08:57:58
"524",0,0,0,0,0,2019-09-05 08:58:08
"525",0,0,0,0,0,2019-09-05 08:58:18
"526",0,0,0,0,0,2019-09-05 08:58:28
"527",0,0,0,0,0,2019-09-05 08:58:38
"528",0,0,0,0,0,2019-09-05 08:58:48
"529",0,0,0,0,0,2019-09-05 08:58:58
"530",0,0,0,0,0,2019-09-05 08:59:08
"531",0,0,0,0,0,2019-09-05 08:59:18
"532",0,0,0,0,0,2019-09-05 08:59:28
"533",0,0,0,0,0,2019-09-05 08:59:38
"534",0,0,0,0,0,2019-09-05 08:59:48
"535",0,0,0,0,0,2019-09-05 08:59:58
"536",0,0,0,0,0,2019-09-05 09:00:08
"537",0,0,0,0,0,2019-09-05 09:00:18
"538",0,0,0,0,0,2019-09-05 09:00:28
"539",0,0,0,0,0,2019-09-05 09:00:38
"540",0,0,0,0,0,2019-09-05 09:00:48
"541",0,0,0,0,0,2019-09-05 09:00:58
"542",0,0,0,0,0,2019-09-05 09:01:08
"543",0,0,0,0,0,2019-09-05 09:01:18
"544",0,0,0,0,0,2019-09-05 09:01:28
"545",0,0,0,0,0,2019-09-05 09:01:38
"546",0,0,0,0,0,2019-09-05 09:01:48
"547",0,0,0,0,0,2019-09-05 09:01:58
"548",0,0,0,0,0,2019-09-05 09:02:08
"549",0,0,0,0,0,2019-09-05 09:02:18
"550",0,0,0,0,0,2019-09-05 09:02:28
"551",0,0,0,0,0,2019-09-05 09:02:38
"552",0,0,0,0,0,2019-09-05 09:02:48
"553",0,0,0,0,0,2019-09-05 09:02:58
"554",0,0,0,0,0,2019-09-05 09:03:08
"555",0,0,0,0,0,2019-09-05 09:03:18
"556",0,0,0,0,0,2019-09-05 09:03:28
"557",0,0,0,0,0,2019-09-05 09:03:38
"558",0,0,0,0,0,2019-09-05 09:03:48
"559",0,0,0,0,0,2019-09-05 09:03:58
"560",0,0,0,0,0,2019-09-05 09:04:08
"561",0,0,0,0,0,2019-09-05 09:04:18
"562",0,0,0,0,0,2019-09-05 09:04:28
"563",0,0,0,0,0,2019-09-05 09:04:38
"564",0,0,0,0,0.003,2019-09-05 09:04:48
"565",0,0,0,0,0,2019-09-05 09:04:58
"566",0,0,0,0,0,2019-09-05 09:05:08
"567",0,0,0,0,0,2019-09-05 09:05:18
"568",0,0,0,0,0,2019-09-05 09:05:28
"569",0,0,0,0,0,2019-09-05 09:05:38
"570",0,0,0,0,0,2019-09-05 09:05:48
"571",0,0,0,0,0,2019-09-05 09:05:58
"572",0,0,0,0,0,2019-09-05 09:06:08
"573",0,0,0,0,0,2019-09-05 09:06:18
"574",0,0,0,0,0,2019-09-05 09:06:28
"575",0,0,0,0,0,2019-09-05 09:06:38
"576",0,0,0,0,0,2019-09-05 09:06:48
"577",0,0,0,0,0,2019-09-05 09:06:58
"578",0,0,0,0,0,2019-09-05 09:07:08
"579",0,0,0,0,0,2019-09-05 09:07:18
"580",0,0,0,0,0,2019-09-05 09:07:28
"581",0,0,0,0,0,2019-09-05 09:07:38
"582",0,0,0,0,0,2019-09-05 09:07:48
"583",0,0,0,0,0,2019-09-05 09:07:58
"584",0,0,0,0,0,2019-09-05 09:08:08
"585",0,0,0,0,0,2019-09-05 09:08:18
"586",0,0,0,0,0,2019-09-05 09:08:28
"587",0,0,0,0,0,2019-09-05 09:08:38
"588",0,0,0,0,0,2019-09-05 09:08:48
"589",0,0,0,0,0,2019-09-05 09:08:58
"590",0,0,0,0,0,2019-09-05 09:09:08
"591",0,0,0,0,0,2019-09-05 09:09:18
"592",0,0,0,0,0,2019-09-05 09:09:28
"593",0,0,0,0,0,2019-09-05 09:09:38
"594",0,0,0,0,0,2019-09-05 09:09:48
"595",0,0,0,0,0,2019-09-05 09:09:58
"596",0,0,0,0,0,2019-09-05 09:10:08
"597",0,0,0,0,0,2019-09-05 09:10:18
"598",0,0,0,0,0,2019-09-05 09:10:28
"599",0,0,0,0,0,2019-09-05 09:10:38
"600",0,0,0,0,0,2019-09-05 09:10:48
"601",0,0,0,0,0,2019-09-05 09:10:58
"602",0,0,0,0,0,2019-09-05 09:11:08
"603",0,0,0,0,0,2019-09-05 09:11:18
"604",0,0,0,0,0,2019-09-05 09:11:28
"605",0,0,0,0,0,2019-09-05 09:11:38
"606",0,0,0,0,0,2019-09-05 09:11:48
"607",0,0,0,0,0,2019-09-05 09:11:58
"608",0,0,0,0,0,2019-09-05 09:12:08
"609",0,0,0,0,0,2019-09-05 09:12:18
"610",0,0,0,0,0,2019-09-05 09:12:28
"611",0,0,0,0,0,2019-09-05 09:12:38
"612",0,0,0,0,0,2019-09-05 09:12:48
"613",0,0,0,0,0,2019-09-05 09:12:58
"614",0,0,0,0,0,2019-09-05 09:13:08
"615",0,0,0,0,0,2019-09-05 09:13:18
"616",0,0,0,0,0,2019-09-05 09:13:28
"617",0,0,0,0,0,2019-09-05 09:13:38
"618",0,0,0,0,0,2019-09-05 09:13:48
"619",0,0,0,0,0,2019-09-05 09:13:58
"620",0,0,0,0,0,2019-09-05 09:14:08
"621",0,0,0,0,0,2019-09-05 09:14:18
"622",0,0,0,0,0,2019-09-05 09:14:28
"623",0,0,0,0,0,2019-09-05 09:14:38
"624",0,0,0,0,0,2019-09-05 09:14:48
"625",0,0,0,0,0,2019-09-05 09:14:58
"626",0,0,0,0,0,2019-09-05 09:15:08
"627",0,0,0,0,0,2019-09-05 09:15:18
"628",0,0,0,0,0,2019-09-05 09:15:28
"629",0,0,0,0,0,2019-09-05 09:15:38
"630",0,0,0,0,0,2019-09-05 09:15:48
"631",0,0,0,0,0,2019-09-05 09:15:58
"632",0,0,0,0,0,2019-09-05 09:16:08
"633",0,0,0,0,0,2019-09-05 09:16:18
"634",0,0,0,0,0,2019-09-05 09:16:28
"635",0,0,0,0,0,2019-09-05 09:16:38
"636",0,0,0,0,0,2019-09-05 09:16:48
"637",0,0,0,0,0,2019-09-05 09:16:58
"638",0,0,0,0,0,2019-09-05 09:17:08
"639",0,0,0,0,0,2019-09-05 09:17:18
"640",0,0,0,0,0,2019-09-05 09:17:28
"641",0,0,0,0,0,2019-09-05 09:17:38
"642",0,0,0,0,0,2019-09-05 09:17:48
"643",0,0,0,0,0,2019-09-05 09:17:58
"644",0,0,0,0,0,2019-09-05 09:18:08
"645",0,0,0,0,0,2019-09-05 09:18:18
"646",0,0,0,0,0,2019-09-05 09:18:28
"647",0,0,0,0,0,2019-09-05 09:18:38
"648",0,0,0,0,0,2019-09-05 09:18:48
"649",0,0,0,0,0,2019-09-05 09:18:58
"650",0,0,0,0,0,2019-09-05 09:19:08
"651",0,0,0,0,0,2019-09-05 09:19:18
"652",0,0,0,0,0,2019-09-05 09:19:28
"653",0,0,0,0,0,2019-09-05 09:19:38
"654",0,0,0,0,0,2019-09-05 09:19:48
"655",0,0,0,0,0,2019-09-05 09:19:58
"656",0,0,0,0,0,2019-09-05 09:20:08
"657",0,0,0,0,0,2019-09-05 09:20:18
"658",0,0,0,0,0,2019-09-05 09:20:28
"659",0,0,0,0,0,2019-09-05 09:20:38
"660",0,0,0,0,0,2019-09-05 09:20:48
"661",0,0,0,0,0,2019-09-05 09:20:58
"662",0,0,0,0,0,2019-09-05 09:21:08
"663",0,0,0,0,0,2019-09-05 09:21:18
"664",0,0,0,0,0,2019-09-05 09:21:28
"665",0,0,0,0,0,2019-09-05 09:21:38
"666",0,0,0,0,0,2019-09-05 09:21:48
"667",0,0,0,0,0,2019-09-05 09:21:58
"668",0,0,0,0,0,2019-09-05 09:22:08
"669",0,0,0,0,0,2019-09-05 09:22:18
"670",0,0,0,0,0,2019-09-05 09:22:28
"671",0,0,0,0,0,2019-09-05 09:22:38
"672",0,0,0,0,0,2019-09-05 09:22:48
"673",0,0,0,0,0,2019-09-05 09:22:58
"674",0,0,0,0,0,2019-09-05 09:23:08
"675",0,0,0,0,0,2019-09-05 09:23:18
"676",0,0,0,0,0,2019-09-05 09:23:28
"677",0,0,0,0,0,2019-09-05 09:23:38
"678",0,0,0,0,0,2019-09-05 09:23:48
"679",0,0,0,0,0,2019-09-05 09:23:58
"680",0,0,0,0,0,2019-09-05 09:24:08
"681",0,0,0,0,0,2019-09-05 09:24:18
"682",0,0,0,0,0,2019-09-05 09:24:28
"683",0,0,0,0,0,2019-09-05 09:24:38
"684",0.006,0.007,0.007,0.007,0.007,2019-09-05 09:24:48
"685",0.018,0.019,0.02,0.021,0.021,2019-09-05 09:24:58
"686",0.021,0.023,0.023,0.025,0.025,2019-09-05 09:25:08
"687",0.021,0.023,0.024,0.025,0.025,2019-09-05 09:25:18
"688",0.01,0.012,0.012,0.012,0.012,2019-09-05 09:25:28
"689",0.004,0.004,0.005,0.005,0.005,2019-09-05 09:25:38
"690",0.004,0.005,0.005,0.005,0.005,2019-09-05 09:25:48
"691",0.004,0.004,0.004,0.006,0.006,2019-09-05 09:25:58
"692",0.015,0.017,0.017,0.017,0.017,2019-09-05 09:26:08
"693",0.044,0.049,0.05,0.051,0.058,2019-09-05 09:26:18
"694",0.052,0.059,0.061,0.062,0.062,2019-09-05 09:26:28
"695",0.053,0.06,0.061,0.062,0.062,2019-09-05 09:26:38
"696",0.033,0.038,0.039,0.041,0.041,2019-09-05 09:26:48
"697",0.012,0.014,0.015,0.015,0.015,2019-09-05 09:26:58
"698",0.004,0.005,0.005,0.005,0.005,2019-09-05 09:27:08
"699",0.002,0.002,0.002,0.002,0.002,2019-09-05 09:27:18
"700",0.002,0.003,0.003,0.003,0.003,2019-09-05 09:27:28
"701",0.003,0.003,0.003,0.003,0.003,2019-09-05 09:27:38
"702",0.004,0.005,0.005,0.005,0.005,2019-09-05 09:27:48
"703",0.006,0.007,0.007,0.007,0.007,2019-09-05 09:27:58
"704",0.009,0.01,0.01,0.01,0.01,2019-09-05 09:28:08
"705",0.013,0.013,0.014,0.014,0.014,2019-09-05 09:28:18
"706",0.024,0.026,0.027,0.027,0.029,2019-09-05 09:28:28
"707",0.027,0.029,0.03,0.033,0.033,2019-09-05 09:28:38
"708",0.027,0.03,0.031,0.032,0.032,2019-09-05 09:28:48
"709",0.02,0.022,0.023,0.024,0.024,2019-09-05 09:28:58
"710",0.006,0.007,0.007,0.007,0.007,2019-09-05 09:29:08
"711",0.002,0.003,0.003,0.003,0.003,2019-09-05 09:29:18
"712",0.002,0.002,0.003,0.003,0.003,2019-09-05 09:29:28
"713",0.002,0.002,0.002,0.002,0.002,2019-09-05 09:29:38
"714",0.009,0.011,0.011,0.011,0.011,2019-09-05 09:29:48
"715",0.026,0.029,0.029,0.029,0.029,2019-09-05 09:29:58
"716",0.03,0.033,0.034,0.035,0.035,2019-09-05 09:30:08
"717",0.03,0.033,0.034,0.036,0.036,2019-09-05 09:30:18
"718",0.015,0.017,0.017,0.018,0.018,2019-09-05 09:30:28
"719",0.006,0.007,0.007,0.007,0.007,2019-09-05 09:30:38
"720",0.005,0.006,0.006,0.006,0.006,2019-09-05 09:30:48
"721",0.006,0.006,0.006,0.006,0.01,2019-09-05 09:30:58
"722",0.006,0.007,0.007,0.007,0.007,2019-09-05 09:31:08
"723",0.033,0.037,0.038,0.039,0.039,2019-09-05 09:31:18
"724",0.055,0.061,0.063,0.066,0.066,2019-09-05 09:31:28
"725",0.058,0.065,0.067,0.07,0.07,2019-09-05 09:31:38
"726",0.059,0.066,0.068,0.071,0.071,2019-09-05 09:31:48
"727",0.043,0.048,0.05,0.051,0.051,2019-09-05 09:31:58
"728",0.015,0.017,0.018,0.018,0.018,2019-09-05 09:32:08
"729",0.006,0.007,0.007,0.007,0.007,2019-09-05 09:32:18
"730",0.004,0.005,0.005,0.007,0.007,2019-09-05 09:32:28
"731",0.004,0.005,0.005,0.005,0.005,2019-09-05 09:32:38
"732",0.005,0.005,0.006,0.006,0.006,2019-09-05 09:32:48
"733",0.009,0.01,0.01,0.01,0.01,2019-09-05 09:32:58
"734",0.029,0.032,0.034,0.035,0.035,2019-09-05 09:33:08
"735",0.035,0.039,0.04,0.042,0.042,2019-09-05 09:33:18
"736",0.034,0.039,0.041,0.042,0.042,2019-09-05 09:33:28
"737",0.027,0.031,0.032,0.034,0.034,2019-09-05 09:33:38
"738",0.009,0.01,0.011,0.011,0.011,2019-09-05 09:33:48
"739",0.003,0.004,0.005,0.005,0.005,2019-09-05 09:33:58
"740",0.002,0.002,0.003,0.003,0.003,2019-09-05 09:34:08
"741",0,0,0,0,0.016,2019-09-05 09:34:18
"742",0,0,0,0,0,2019-09-05 09:34:28
"743",0.001,0.001,0.001,0.001,0.001,2019-09-05 09:34:38
"744",0.005,0.006,0.006,0.008,0.008,2019-09-05 09:34:48
"745",0.007,0.009,0.009,0.01,0.01,2019-09-05 09:34:58
"746",0.008,0.009,0.009,0.009,0.009,2019-09-05 09:35:08
"747",0.008,0.01,0.01,0.01,0.01,2019-09-05 09:35:18
"748",0.003,0.003,0.003,0.003,0.003,2019-09-05 09:35:28
"749",0,0,0,0,0,2019-09-05 09:35:38
"750",0,0,0,0,0,2019-09-05 09:35:48
"751",0.001,0.001,0.001,0.001,0.001,2019-09-05 09:35:58
"752",0.013,0.014,0.015,0.015,0.015,2019-09-05 09:36:08
"753",0.033,0.037,0.038,0.04,0.04,2019-09-05 09:36:18
"754",0.037,0.042,0.043,0.044,0.044,2019-09-05 09:36:28
"755",0.037,0.042,0.043,0.046,0.046,2019-09-05 09:36:38
"756",0.039,0.043,0.045,0.046,0.046,2019-09-05 09:36:48
"757",0.038,0.042,0.044,0.045,0.045,2019-09-05 09:36:58
"758",0.039,0.044,0.046,0.047,0.047,2019-09-05 09:37:08
"759",0.038,0.043,0.044,0.045,0.045,2019-09-05 09:37:18
"760",0.039,0.044,0.045,0.048,0.048,2019-09-05 09:37:28
"761",0.04,0.044,0.045,0.046,0.046,2019-09-05 09:37:38
"762",0.04,0.045,0.046,0.047,0.047,2019-09-05 09:37:48
"763",0.041,0.045,0.047,0.049,0.049,2019-09-05 09:37:58
"764",0.039,0.044,0.045,0.046,0.046,2019-09-05 09:38:08
"765",0.04,0.044,0.045,0.045,0.045,2019-09-05 09:38:18
"766",0.041,0.045,0.046,0.047,0.047,2019-09-05 09:38:28
"767",0.039,0.043,0.044,0.044,0.044,2019-09-05 09:38:38
"768",0.019,0.022,0.022,0.023,0.023,2019-09-05 09:38:48
"769",0.012,0.014,0.014,0.014,0.014,2019-09-05 09:38:58
"770",0.013,0.014,0.014,0.015,0.015,2019-09-05 09:39:08
"771",0.012,0.014,0.014,0.014,0.014,2019-09-05 09:39:18
"772",0.013,0.015,0.015,0.015,0.015,2019-09-05 09:39:28
"773",0.013,0.015,0.015,0.015,0.015,2019-09-05 09:39:38
"774",0.013,0.014,0.015,0.015,0.015,2019-09-05 09:39:48
"775",0.013,0.015,0.015,0.015,0.015,2019-09-05 09:39:58
"776",0.013,0.014,0.015,0.015,0.015,2019-09-05 09:40:08
"777",0.013,0.014,0.014,0.014,0.014,2019-09-05 09:40:18
"778",0.006,0.007,0.007,0.007,0.007,2019-09-05 09:40:28
"779",0.005,0.006,0.006,0.007,0.007,2019-09-05 09:40:38
"780",0.006,0.006,0.007,0.007,0.007,2019-09-05 09:40:48
"781",0.005,0.006,0.006,0.006,0.006,2019-09-05 09:40:58
"782",0.006,0.007,0.007,0.007,0.007,2019-09-05 09:41:08
"783",0.006,0.007,0.007,0.007,0.007,2019-09-05 09:41:18
"784",0.007,0.008,0.008,0.008,0.008,2019-09-05 09:41:28
"785",0.007,0.007,0.008,0.008,0.008,2019-09-05 09:41:38
"786",0.008,0.009,0.009,0.009,0.009,2019-09-05 09:41:48
"787",0.008,0.009,0.009,0.009,0.009,2019-09-05 09:41:58
"788",0.008,0.009,0.009,0.009,0.009,2019-09-05 09:42:08
"789",0.008,0.009,0.009,0.009,0.009,2019-09-05 09:42:18
"790",0.006,0.006,0.006,0.006,0.006,2019-09-05 09:42:28
"791",0,0.001,0.001,0.001,0.001,2019-09-05 09:42:38
"792",0,0,0,0,0,2019-09-05 09:42:48
"793",0,0,0,0,0,2019-09-05 09:42:58
"794",0,0,0,0,0,2019-09-05 09:43:08
"795",0.003,0.003,0.003,0.003,0.003,2019-09-05 09:43:18
"796",0.004,0.004,0.004,0.004,0.004,2019-09-05 09:43:28
"797",0.007,0.007,0.007,0.007,0.007,2019-09-05 09:43:38
"798",0.012,0.012,0.012,0.012,0.012,2019-09-05 09:43:48
"799",0.014,0.014,0.014,0.014,0.014,2019-09-05 09:43:58
"800",0.013,0.013,0.013,0.013,0.013,2019-09-05 09:44:08
"801",0.013,0.013,0.013,0.013,0.013,2019-09-05 09:44:18
"802",0.005,0.005,0.005,0.005,0.005,2019-09-05 09:44:28
"803",0.002,0.002,0.002,0.002,0.002,2019-09-05 09:44:38
"804",0.002,0.002,0.002,0.002,0.002,2019-09-05 09:44:48
"805",0.014,0.014,0.014,0.014,0.014,2019-09-05 09:44:58
"806",0.027,0.027,0.027,0.027,0.027,2019-09-05 09:45:08
"807",0.022,0.022,0.022,0.022,0.022,2019-09-05 09:45:18
"808",0.021,0.021,0.021,0.021,0.021,2019-09-05 09:45:28
"809",0.016,0.016,0.016,0.016,0.016,2019-09-05 09:45:38
"810",0.004,0.004,0.004,0.004,0.004,2019-09-05 09:45:48
"811",0.001,0.001,0.001,0.001,0.001,2019-09-05 09:45:58
"812",0.001,0.001,0.001,0.001,0.001,2019-09-05 09:46:08
"813",0.004,0.004,0.004,0.004,0.004,2019-09-05 09:46:18
"814",0.006,0.006,0.006,0.006,0.006,2019-09-05 09:46:28
"815",0.006,0.006,0.006,0.006,0.006,2019-09-05 09:46:38
"816",0.063,0.063,0.063,0.063,0.063,2019-09-05 09:46:48
"817",0.061,0.061,0.061,0.061,0.061,2019-09-05 09:46:58
"818",0.056,0.056,0.056,0.056,0.056,2019-09-05 09:47:08
"819",0.036,0.036,0.036,0.036,0.036,2019-09-05 09:47:18
"820",0.013,0.013,0.013,0.013,0.013,2019-09-05 09:47:28
"821",0.007,0.007,0.007,0.007,0.007,2019-09-05 09:47:38
"822",0.009,0.009,0.009,0.009,0.009,2019-09-05 09:47:48
"823",0.016,0.016,0.016,0.016,0.016,2019-09-05 09:47:58
"824",0.02,0.02,0.02,0.02,0.02,2019-09-05 09:48:08
"825",0.02,0.02,0.02,0.02,0.02,2019-09-05 09:48:18
"826",0.019,0.019,0.019,0.019,0.019,2019-09-05 09:48:28
"827",0.017,0.017,0.017,0.017,0.017,2019-09-05 09:48:38
"828",0.005,0.005,0.005,0.005,0.005,2019-09-05 09:48:48
"829",0.003,0.003,0.003,0.003,0.003,2019-09-05 09:48:58
"830",0.003,0.003,0.003,0.003,0.003,2019-09-05 09:49:08
"831",0.004,0.004,0.004,0.004,0.004,2019-09-05 09:49:18
"832",0.021,0.021,0.021,0.021,0.021,2019-09-05 09:49:28
"833",0.025,0.025,0.025,0.025,0.025,2019-09-05 09:49:38
"834",0.023,0.024,0.024,0.024,0.024,2019-09-05 09:49:48
"835",0.022,0.022,0.022,0.022,0.022,2019-09-05 09:49:58
"836",0.009,0.009,0.009,0.009,0.009,2019-09-05 09:50:08
"837",0.004,0.004,0.004,0.004,0.004,2019-09-05 09:50:18
"838",0.005,0.005,0.005,0.005,0.005,2019-09-05 09:50:28
"839",0.008,0.008,0.008,0.008,0.008,2019-09-05 09:50:38
"840",0.01,0.01,0.01,0.01,0.01,2019-09-05 09:50:48
"841",0.011,0.011,0.011,0.011,0.011,2019-09-05 09:50:58
"842",0.021,0.021,0.021,0.021,0.021,2019-09-05 09:51:08
"843",0.04,0.041,0.041,0.041,0.041,2019-09-05 09:51:18
"844",0.034,0.034,0.034,0.034,0.034,2019-09-05 09:51:28
"845",0.033,0.033,0.033,0.033,0.033,2019-09-05 09:51:38
"846",0.015,0.015,0.015,0.015,0.015,2019-09-05 09:51:48
"847",0.005,0.005,0.005,0.005,0.005,2019-09-05 09:51:58
"848",0.001,0.001,0.001,0.001,0.001,2019-09-05 09:52:08
"849",0,0,0,0,0,2019-09-05 09:52:18
"850",0,0,0,0,0,2019-09-05 09:52:28
"851",0.002,0.003,0.003,0.003,0.003,2019-09-05 09:52:38
"852",0.007,0.007,0.007,0.007,0.007,2019-09-05 09:52:48
"853",0.007,0.007,0.007,0.007,0.007,2019-09-05 09:52:58
"854",0.018,0.018,0.018,0.018,0.018,2019-09-05 09:53:08
"855",0.02,0.02,0.02,0.02,0.02,2019-09-05 09:53:18
"856",0.019,0.019,0.019,0.019,0.019,2019-09-05 09:53:28
"857",0.018,0.018,0.018,0.018,0.018,2019-09-05 09:53:38
"858",0.017,0.017,0.017,0.017,0.017,2019-09-05 09:53:48
"859",0.017,0.017,0.017,0.017,0.017,2019-09-05 09:53:58
"860",0.016,0.016,0.016,0.016,0.016,2019-09-05 09:54:08
"861",0.016,0.016,0.016,0.016,0.016,2019-09-05 09:54:18
"862",0.015,0.015,0.015,0.015,0.015,2019-09-05 09:54:28
"863",0.015,0.015,0.015,0.015,0.015,2019-09-05 09:54:38
"864",0.014,0.014,0.014,0.014,0.014,2019-09-05 09:54:48
"865",0.014,0.014,0.014,0.014,0.014,2019-09-05 09:54:58
"866",0.014,0.014,0.014,0.014,0.014,2019-09-05 09:55:08
"867",0.014,0.014,0.014,0.014,0.014,2019-09-05 09:55:18
"868",0.014,0.014,0.014,0.014,0.014,2019-09-05 09:55:28
"869",0.013,0.013,0.013,0.013,0.013,2019-09-05 09:55:38
"870",0.013,0.013,0.013,0.013,0.013,2019-09-05 09:55:48
"871",0.013,0.013,0.013,0.013,0.013,2019-09-05 09:55:58
"872",0.012,0.013,0.013,0.013,0.013,2019-09-05 09:56:08
"873",0.013,0.013,0.013,0.013,0.013,2019-09-05 09:56:18
"874",0.012,0.013,0.013,0.013,0.013,2019-09-05 09:56:28
"875",0.012,0.013,0.013,0.013,0.013,2019-09-05 09:56:38
"876",0.012,0.012,0.012,0.012,0.012,2019-09-05 09:56:48
"877",0.012,0.012,0.012,0.012,0.012,2019-09-05 09:56:58
"878",0.012,0.012,0.012,0.012,0.012,2019-09-05 09:57:08
"879",0.012,0.012,0.012,0.012,0.012,2019-09-05 09:57:18
"880",0.012,0.012,0.012,0.012,0.012,2019-09-05 09:57:28
"881",0.012,0.012,0.012,0.012,0.012,2019-09-05 09:57:38
"882",0.012,0.012,0.012,0.012,0.012,2019-09-05 09:57:48
"883",0.012,0.012,0.012,0.012,0.012,2019-09-05 09:57:58
"884",0.012,0.012,0.012,0.012,0.012,2019-09-05 09:58:08
"885",0.012,0.012,0.012,0.012,0.012,2019-09-05 09:58:18
"886",0.012,0.012,0.012,0.012,0.012,2019-09-05 09:58:28
"887",0.012,0.012,0.012,0.012,0.012,2019-09-05 09:58:38
"888",0.012,0.012,0.012,0.012,0.012,2019-09-05 09:58:48
"889",0.011,0.012,0.012,0.012,0.012,2019-09-05 09:58:58
"890",0.012,0.012,0.012,0.012,0.012,2019-09-05 09:59:08
"891",0.012,0.012,0.012,0.012,0.012,2019-09-05 09:59:18
"892",0.012,0.012,0.012,0.012,0.012,2019-09-05 09:59:28
"893",0.012,0.012,0.012,0.012,0.012,2019-09-05 09:59:38
"894",0.012,0.012,0.012,0.012,0.012,2019-09-05 09:59:48
"895",0.012,0.012,0.012,0.012,0.012,2019-09-05 09:59:58
"896",0.011,0.011,0.011,0.011,0.011,2019-09-05 10:00:08
"897",0.012,0.012,0.012,0.012,0.012,2019-09-05 10:00:18
"898",0.011,0.011,0.011,0.011,0.011,2019-09-05 10:00:28
"899",0.011,0.011,0.011,0.011,0.011,2019-09-05 10:00:38
"900",0.011,0.011,0.011,0.011,0.011,2019-09-05 10:00:48
"901",0.011,0.011,0.011,0.011,0.011,2019-09-05 10:00:58
"902",0.011,0.011,0.011,0.011,0.011,2019-09-05 10:01:08
"903",0.011,0.011,0.011,0.011,0.011,2019-09-05 10:01:18
"904",0.011,0.011,0.011,0.011,0.011,2019-09-05 10:01:28
"905",0.01,0.011,0.011,0.011,0.011,2019-09-05 10:01:38
"906",0.01,0.011,0.011,0.011,0.011,2019-09-05 10:01:48
"907",0.01,0.011,0.011,0.011,0.011,2019-09-05 10:01:58
"908",0.01,0.01,0.01,0.01,0.01,2019-09-05 10:02:08
"909",0.01,0.01,0.01,0.01,0.01,2019-09-05 10:02:18
"910",0.01,0.011,0.011,0.011,0.011,2019-09-05 10:02:28
"911",0.01,0.011,0.011,0.011,0.011,2019-09-05 10:02:38
"912",0.01,0.01,0.01,0.01,0.01,2019-09-05 10:02:48
"913",0.01,0.01,0.01,0.01,0.01,2019-09-05 10:02:58
"914",0.01,0.01,0.01,0.01,0.01,2019-09-05 10:03:08
"915",0.01,0.01,0.01,0.01,0.01,2019-09-05 10:03:18
"916",0.009,0.01,0.01,0.01,0.01,2019-09-05 10:03:28
"917",0.01,0.01,0.01,0.01,0.01,2019-09-05 10:03:38
"918",0.01,0.01,0.01,0.01,0.01,2019-09-05 10:03:48
"919",0.009,0.009,0.009,0.009,0.009,2019-09-05 10:03:58
"920",0.01,0.01,0.01,0.01,0.01,2019-09-05 10:04:08
"921",0.009,0.01,0.01,0.01,0.01,2019-09-05 10:04:18
"922",0.009,0.01,0.01,0.01,0.01,2019-09-05 10:04:28
"923",0.009,0.01,0.01,0.01,0.01,2019-09-05 10:04:38
"924",0.009,0.009,0.01,0.01,0.01,2019-09-05 10:04:48
"925",0.009,0.009,0.009,0.009,0.009,2019-09-05 10:04:58
"926",0.009,0.009,0.009,0.009,0.009,2019-09-05 10:05:08
"927",0.009,0.009,0.009,0.009,0.009,2019-09-05 10:05:18
"928",0.009,0.009,0.009,0.009,0.009,2019-09-05 10:05:28
"929",0.008,0.009,0.009,0.009,0.009,2019-09-05 10:05:38
"930",0.008,0.008,0.008,0.008,0.008,2019-09-05 10:05:48
"931",0.009,0.009,0.009,0.009,0.009,2019-09-05 10:05:58
"932",0.009,0.009,0.009,0.009,0.009,2019-09-05 10:06:08
"933",0.008,0.009,0.009,0.009,0.009,2019-09-05 10:06:18
"934",0.009,0.009,0.009,0.009,0.009,2019-09-05 10:06:28
"935",0.008,0.008,0.008,0.008,0.008,2019-09-05 10:06:38
"936",0.008,0.008,0.008,0.008,0.008,2019-09-05 10:06:48
"937",0.008,0.008,0.008,0.008,0.008,2019-09-05 10:06:58
"938",0.008,0.008,0.008,0.008,0.008,2019-09-05 10:07:08
"939",0.008,0.009,0.009,0.009,0.009,2019-09-05 10:07:18
"940",0.008,0.009,0.009,0.009,0.009,2019-09-05 10:07:28
"941",0.008,0.008,0.008,0.008,0.008,2019-09-05 10:07:38
"942",0.008,0.008,0.008,0.008,0.008,2019-09-05 10:07:48
"943",0.008,0.008,0.008,0.008,0.008,2019-09-05 10:07:58
"944",0.008,0.008,0.008,0.008,0.008,2019-09-05 10:08:08
"945",0.008,0.008,0.008,0.008,0.008,2019-09-05 10:08:18
"946",0.008,0.008,0.008,0.008,0.008,2019-09-05 10:08:28
"947",0.008,0.008,0.008,0.008,0.008,2019-09-05 10:08:38
"948",0.008,0.008,0.008,0.008,0.008,2019-09-05 10:08:48
"949",0.008,0.008,0.008,0.008,0.008,2019-09-05 10:08:58
"950",0.007,0.008,0.008,0.008,0.008,2019-09-05 10:09:08
"951",0.008,0.008,0.008,0.008,0.008,2019-09-05 10:09:18
"952",0.007,0.007,0.007,0.007,0.007,2019-09-05 10:09:28
"953",0.007,0.007,0.007,0.007,0.007,2019-09-05 10:09:38
"954",0.008,0.008,0.008,0.008,0.008,2019-09-05 10:09:48
"955",0.007,0.008,0.008,0.008,0.008,2019-09-05 10:09:58
"956",0.007,0.007,0.007,0.007,0.007,2019-09-05 10:10:08
"957",0.007,0.008,0.008,0.008,0.008,2019-09-05 10:10:18
"958",0.007,0.008,0.008,0.008,0.008,2019-09-05 10:10:28
"959",0.007,0.007,0.007,0.007,0.007,2019-09-05 10:10:38
"960",0.007,0.007,0.007,0.007,0.007,2019-09-05 10:10:48
"961",0.008,0.008,0.008,0.008,0.008,2019-09-05 10:10:58
"962",0.003,0.003,0.003,0.003,0.003,2019-09-05 10:11:08
"963",0,0,0,0,0,2019-09-05 10:11:18
"964",0,0,0,0,0,2019-09-05 10:11:28
"965",0,0,0,0,0,2019-09-05 10:11:38
"966",0,0,0,0,0,2019-09-05 10:11:48
"967",0,0,0,0,0,2019-09-05 10:11:58
"968",-0.001,-0.001,-0.001,-0.001,-0.001,2019-09-05 10:12:08
"969",0,0,0,0,0,2019-09-05 10:12:18
"970",-0.001,-0.001,-0.001,-0.001,-0.001,2019-09-05 10:12:28
"971",-0.001,-0.001,-0.001,-0.001,-0.001,2019-09-05 10:12:38
"972",-0.001,-0.001,-0.001,-0.001,-0.001,2019-09-05 10:12:48
"973",-0.001,-0.001,-0.001,-0.001,-0.001,2019-09-05 10:12:58
"974",0,0,0,0,0,2019-09-05 10:13:08
"975",-0.001,-0.001,-0.001,-0.001,-0.001,2019-09-05 10:13:18
"976",0,0,0,0,0,2019-09-05 10:13:28
"977",-0.001,-0.001,-0.001,-0.001,-0.001,2019-09-05 10:13:38
"978",0,0,0,0,0,2019-09-05 10:13:48
"979",0,0,0,0,0,2019-09-05 10:13:58
"980",0,0,0,0,0,2019-09-05 10:14:08
"981",0,0,0,0,0,2019-09-05 10:14:18
"982",0,0,0,0,0,2019-09-05 10:14:28
"983",0,0,0,0,0,2019-09-05 10:14:38
"984",0,0,0,0,0,2019-09-05 10:14:48
"985",0,0,0,0,0,2019-09-05 10:14:58
"986",0,0,0,0,0,2019-09-05 10:15:08
"987",0,0,0,0,0,2019-09-05 10:15:18
"988",0,0,0,0,0,2019-09-05 10:15:28
"989",0,0,0,0,0,2019-09-05 10:15:38
"990",0,0,0,0,0,2019-09-05 10:15:48
"991",0,0,0,0,0,2019-09-05 10:15:58
"992",0,0,0,0,0,2019-09-05 10:16:08
"993",0,0,0,0,0,2019-09-05 10:16:18
"994",0,0,0,0,0,2019-09-05 10:16:28
"995",0,0,0,0,0,2019-09-05 10:16:38
"996",0,0,0,0,0,2019-09-05 10:16:48
"997",0,0,0,0,0,2019-09-05 10:16:58
"998",0,0,0,0,0,2019-09-05 10:17:08
"999",0,0,0,0,0,2019-09-05 10:17:18
"1000",0,0,0,0,0,2019-09-05 10:17:28
"1001",0,0,0,0,0,2019-09-05 10:17:38
"1002",0,0,0,0,0,2019-09-05 10:17:48
"1003",0.001,0.001,0.001,0.001,0.001,2019-09-05 10:17:58
"1004",0.001,0.002,0.002,0.002,0.002,2019-09-05 10:18:08
"1005",0.002,0.002,0.002,0.002,0.002,2019-09-05 10:18:18
"1006",0.012,0.014,0.014,0.014,0.014,2019-09-05 10:18:28
"1007",0.021,0.024,0.025,0.028,0.028,2019-09-05 10:18:38
"1008",0.022,0.025,0.026,0.029,0.029,2019-09-05 10:18:48
"1009",0.018,0.021,0.022,0.023,0.023,2019-09-05 10:18:58
"1010",0.005,0.006,0.006,0.007,0.007,2019-09-05 10:19:08
"1011",0.002,0.002,0.002,0.002,0.002,2019-09-05 10:19:18
"1012",0.001,0.002,0.002,0.002,0.002,2019-09-05 10:19:28
"1013",0.001,0.002,0.002,0.002,0.002,2019-09-05 10:19:38
"1014",0.002,0.002,0.002,0.003,0.003,2019-09-05 10:19:48
"1015",0.025,0.028,0.029,0.03,0.03,2019-09-05 10:19:58
"1016",0.045,0.049,0.051,0.053,0.053,2019-09-05 10:20:08
"1017",0.045,0.05,0.052,0.055,0.055,2019-09-05 10:20:18
"1018",0.035,0.039,0.04,0.042,0.044,2019-09-05 10:20:28
"1019",0.013,0.014,0.015,0.015,0.015,2019-09-05 10:20:38
"1020",0.005,0.006,0.006,0.007,0.007,2019-09-05 10:20:48
"1021",0.004,0.005,0.005,0.005,0.005,2019-09-05 10:20:58
"1022",0.004,0.005,0.005,0.006,0.006,2019-09-05 10:21:08
"1023",0.005,0.006,0.006,0.006,0.006,2019-09-05 10:21:18
"1024",0.013,0.015,0.015,0.016,0.016,2019-09-05 10:21:28
"1025",0.029,0.033,0.035,0.037,0.039,2019-09-05 10:21:38
"1026",0.035,0.04,0.042,0.045,0.045,2019-09-05 10:21:48
"1027",0.036,0.041,0.043,0.045,0.049,2019-09-05 10:21:58
"1028",0.031,0.035,0.036,0.037,0.037,2019-09-05 10:22:08
"1029",0.011,0.013,0.014,0.015,0.015,2019-09-05 10:22:18
"1030",0.005,0.006,0.007,0.007,0.007,2019-09-05 10:22:28
"1031",0.005,0.006,0.006,0.007,0.007,2019-09-05 10:22:38
"1032",0.005,0.006,0.007,0.007,0.007,2019-09-05 10:22:48
"1033",0.016,0.019,0.02,0.021,0.021,2019-09-05 10:22:58
"1034",0.028,0.033,0.034,0.036,0.036,2019-09-05 10:23:08
"1035",0.032,0.037,0.039,0.041,0.044,2019-09-05 10:23:18
"1036",0.026,0.03,0.032,0.033,0.033,2019-09-05 10:23:28
"1037",0.009,0.011,0.012,0.013,0.013,2019-09-05 10:23:38
"1038",0.002,0.003,0.003,0.003,0.003,2019-09-05 10:23:48
"1039",0.001,0.002,0.002,0.002,0.002,2019-09-05 10:23:58
"1040",0.001,0.002,0.002,0.002,0.002,2019-09-05 10:24:08
"1041",0.002,0.002,0.002,0.003,0.003,2019-09-05 10:24:18
"1042",0.012,0.013,0.014,0.016,0.016,2019-09-05 10:24:28
"1043",0.025,0.027,0.028,0.029,0.029,2019-09-05 10:24:38
"1044",0.026,0.029,0.031,0.032,0.032,2019-09-05 10:24:48
"1045",0.026,0.029,0.03,0.032,0.032,2019-09-05 10:24:58
"1046",0.011,0.012,0.013,0.015,0.015,2019-09-05 10:25:08
"1047",0.002,0.003,0.003,0.004,0.004,2019-09-05 10:25:18
"1048",0.002,0.002,0.003,0.003,0.003,2019-09-05 10:25:28
"1049",0.002,0.003,0.003,0.003,0.003,2019-09-05 10:25:38
"1050",0.003,0.003,0.004,0.004,0.004,2019-09-05 10:25:48
"1051",0.02,0.022,0.023,0.024,0.024,2019-09-05 10:25:58
"1052",0.042,0.046,0.048,0.049,0.051,2019-09-05 10:26:08
"1053",0.044,0.049,0.05,0.052,0.052,2019-09-05 10:26:18
"1054",0.044,0.048,0.05,0.052,0.052,2019-09-05 10:26:28
"1055",0.025,0.028,0.029,0.03,0.03,2019-09-05 10:26:38
"1056",0.009,0.01,0.01,0.011,0.011,2019-09-05 10:26:48
"1057",0.002,0.003,0.003,0.003,0.003,2019-09-05 10:26:58
"1058",0,0,0,0,0,2019-09-05 10:27:08
"1059",0,0,0,0,0,2019-09-05 10:27:18
"1060",0,0,0,0,0,2019-09-05 10:27:28
"1061",0,0,0,0,0,2019-09-05 10:27:38
"1062",0,0,0,0,0,2019-09-05 10:27:48
"1063",0.002,0.002,0.002,0.002,0.002,2019-09-05 10:27:58
"1064",0.011,0.012,0.012,0.012,0.012,2019-09-05 10:28:08
"1065",0.015,0.016,0.016,0.017,0.017,2019-09-05 10:28:18
"1066",0.016,0.017,0.018,0.018,0.018,2019-09-05 10:28:28
"1067",0.019,0.021,0.021,0.022,0.022,2019-09-05 10:28:38
"1068",0.025,0.027,0.028,0.028,0.028,2019-09-05 10:28:48
"1069",0.028,0.03,0.031,0.032,0.032,2019-09-05 10:28:58
"1070",0.029,0.031,0.031,0.032,0.032,2019-09-05 10:29:08
"1071",0.03,0.032,0.032,0.032,0.032,2019-09-05 10:29:18
"1072",0.031,0.033,0.033,0.033,0.033,2019-09-05 10:29:28
"1073",0.03,0.032,0.033,0.033,0.033,2019-09-05 10:29:38
"1074",0.031,0.033,0.034,0.034,0.034,2019-09-05 10:29:48
"1075",0.031,0.033,0.033,0.034,0.034,2019-09-05 10:29:58
"1076",0.032,0.034,0.034,0.034,0.034,2019-09-05 10:30:08
"1077",0.031,0.033,0.033,0.034,0.034,2019-09-05 10:30:18
"1078",0.032,0.033,0.034,0.035,0.035,2019-09-05 10:30:28
"1079",0.032,0.034,0.035,0.035,0.035,2019-09-05 10:30:38
"1080",0.032,0.034,0.034,0.035,0.035,2019-09-05 10:30:48
"1081",0.032,0.035,0.035,0.035,0.035,2019-09-05 10:30:58
"1082",0.032,0.034,0.035,0.035,0.035,2019-09-05 10:31:08
"1083",0.033,0.035,0.035,0.035,0.035,2019-09-05 10:31:18
"1084",0.033,0.035,0.035,0.036,0.036,2019-09-05 10:31:28
"1085",0.034,0.036,0.036,0.036,0.036,2019-09-05 10:31:38
"1086",0.034,0.036,0.037,0.037,0.037,2019-09-05 10:31:48
"1087",0.034,0.036,0.036,0.036,0.036,2019-09-05 10:31:58
"1088",0.035,0.037,0.038,0.038,0.038,2019-09-05 10:32:08
"1089",0.029,0.03,0.031,0.031,0.036,2019-09-05 10:32:18
"1090",0.012,0.012,0.013,0.013,0.013,2019-09-05 10:32:28
"1091",0.009,0.01,0.01,0.01,0.01,2019-09-05 10:32:38
"1092",0.009,0.009,0.01,0.01,0.01,2019-09-05 10:32:48
"1093",0.009,0.009,0.01,0.01,0.01,2019-09-05 10:32:58
"1094",0.009,0.01,0.01,0.01,0.01,2019-09-05 10:33:08
"1095",0.01,0.011,0.011,0.011,0.011,2019-09-05 10:33:18
"1096",0.01,0.01,0.011,0.011,0.011,2019-09-05 10:33:28
"1097",0.01,0.011,0.011,0.011,0.011,2019-09-05 10:33:38
"1098",0.01,0.011,0.011,0.011,0.011,2019-09-05 10:33:48
"1099",0.009,0.009,0.009,0.009,0.009,2019-09-05 10:33:58
"1100",0.006,0.007,0.007,0.007,0.007,2019-09-05 10:34:08
"1101",0.006,0.007,0.007,0.007,0.007,2019-09-05 10:34:18
"1102",0.007,0.007,0.007,0.007,0.007,2019-09-05 10:34:28
"1103",0.007,0.007,0.007,0.007,0.007,2019-09-05 10:34:38
"1104",0.007,0.007,0.007,0.007,0.007,2019-09-05 10:34:48
"1105",0.003,0.003,0.003,0.004,0.004,2019-09-05 10:34:58
"1106",0.004,0.004,0.004,0.004,0.004,2019-09-05 10:35:08
"1107",0.004,0.004,0.004,0.004,0.004,2019-09-05 10:35:18
"1108",0.004,0.004,0.004,0.004,0.004,2019-09-05 10:35:28
"1109",0.004,0.004,0.004,0.004,0.004,2019-09-05 10:35:38
"1110",0.004,0.005,0.005,0.005,0.005,2019-09-05 10:35:48
"1111",0.004,0.005,0.005,0.005,0.005,2019-09-05 10:35:58
"1112",0.003,0.003,0.003,0.003,0.003,2019-09-05 10:36:08
"1113",0,0,0,0,0,2019-09-05 10:36:18
"1114",0,0,0,0,0,2019-09-05 10:36:28
"1115",0,0,0,0,0,2019-09-05 10:36:38
"1116",0,0,0,0,0,2019-09-05 10:36:48
"1117",0,0,0,0,0,2019-09-05 10:36:58
"1118",0.001,0.001,0.001,0.001,0.001,2019-09-05 10:37:08
"1119",0.005,0.005,0.005,0.005,0.005,2019-09-05 10:37:18
"1120",0.007,0.007,0.007,0.007,0.007,2019-09-05 10:37:28
"1121",0.008,0.009,0.009,0.009,0.009,2019-09-05 10:37:38
"1122",0.015,0.015,0.015,0.015,0.015,2019-09-05 10:37:48
"1123",0.02,0.02,0.02,0.02,0.02,2019-09-05 10:37:58
"1124",0.021,0.021,0.021,0.021,0.021,2019-09-05 10:38:08
"1125",0.02,0.02,0.02,0.02,0.02,2019-09-05 10:38:18
"1126",0.016,0.016,0.016,0.016,0.016,2019-09-05 10:38:28
"1127",0.004,0.004,0.005,0.005,0.005,2019-09-05 10:38:38
"1128",0.001,0.001,0.001,0.001,0.001,2019-09-05 10:38:48
"1129",0.001,0.002,0.002,0.002,0.002,2019-09-05 10:38:58
"1130",0.002,0.002,0.002,0.002,0.002,2019-09-05 10:39:08
"1131",0.006,0.006,0.006,0.006,0.006,2019-09-05 10:39:18
"1132",0.009,0.009,0.009,0.009,0.009,2019-09-05 10:39:28
"1133",0.012,0.012,0.012,0.012,0.012,2019-09-05 10:39:38
"1134",0.014,0.014,0.014,0.014,0.014,2019-09-05 10:39:48
"1135",0.017,0.017,0.017,0.017,0.017,2019-09-05 10:39:58
"1136",0.021,0.021,0.021,0.021,0.021,2019-09-05 10:40:08
"1137",0.022,0.022,0.022,0.022,0.022,2019-09-05 10:40:18
"1138",0.022,0.022,0.022,0.022,0.022,2019-09-05 10:40:28
"1139",0.021,0.021,0.021,0.021,0.021,2019-09-05 10:40:38
"1140",0.02,0.02,0.02,0.02,0.02,2019-09-05 10:40:48
"1141",0.017,0.017,0.017,0.018,0.018,2019-09-05 10:40:58
"1142",0.005,0.005,0.005,0.005,0.005,2019-09-05 10:41:08
"1143",0.001,0.001,0.001,0.001,0.001,2019-09-05 10:41:18
"1144",0,0,0,0,0,2019-09-05 10:41:28
"1145",0,0,0,0,0,2019-09-05 10:41:38
"1146",0.001,0.001,0.001,0.001,0.001,2019-09-05 10:41:48
"1147",0.016,0.017,0.017,0.017,0.017,2019-09-05 10:41:58
"1148",0.032,0.032,0.032,0.032,0.032,2019-09-05 10:42:08
"1149",0.043,0.043,0.043,0.043,0.043,2019-09-05 10:42:18
"1150",0.041,0.041,0.041,0.041,0.041,2019-09-05 10:42:28
"1151",0.038,0.038,0.038,0.038,0.038,2019-09-05 10:42:38
"1152",0.035,0.035,0.035,0.035,0.035,2019-09-05 10:42:48
"1153",0.015,0.015,0.015,0.015,0.015,2019-09-05 10:42:58
"1154",0.005,0.006,0.006,0.006,0.006,2019-09-05 10:43:08
"1155",0.005,0.005,0.005,0.005,0.005,2019-09-05 10:43:18
"1156",0.007,0.007,0.007,0.007,0.007,2019-09-05 10:43:28
"1157",0.013,0.013,0.013,0.013,0.013,2019-09-05 10:43:38
"1158",0.02,0.02,0.02,0.02,0.02,2019-09-05 10:43:48
"1159",0.025,0.025,0.025,0.025,0.025,2019-09-05 10:43:58
"1160",0.024,0.024,0.024,0.024,0.024,2019-09-05 10:44:08
"1161",0.023,0.023,0.023,0.023,0.023,2019-09-05 10:44:18
"1162",0.016,0.016,0.016,0.016,0.016,2019-09-05 10:44:28
"1163",0.004,0.004,0.004,0.004,0.004,2019-09-05 10:44:38
"1164",0.002,0.002,0.002,0.002,0.002,2019-09-05 10:44:48
"1165",0.005,0.005,0.005,0.005,0.005,2019-09-05 10:44:58
"1166",0.017,0.017,0.017,0.017,0.017,2019-09-05 10:45:08
"1167",0.03,0.03,0.03,0.03,0.03,2019-09-05 10:45:18
"1168",0.037,0.037,0.037,0.037,0.037,2019-09-05 10:45:28
"1169",0.033,0.033,0.033,0.033,0.033,2019-09-05 10:45:38
"1170",0.031,0.031,0.031,0.031,0.031,2019-09-05 10:45:48
"1171",0.017,0.017,0.017,0.017,0.017,2019-09-05 10:45:58
"1172",0.005,0.005,0.005,0.005,0.005,2019-09-05 10:46:08
"1173",0.004,0.005,0.005,0.005,0.005,2019-09-05 10:46:18
"1174",0.018,0.018,0.018,0.018,0.018,2019-09-05 10:46:28
"1175",0.019,0.019,0.019,0.019,0.019,2019-09-05 10:46:38
"1176",0.017,0.017,0.017,0.017,0.017,2019-09-05 10:46:48
"1177",0.016,0.016,0.016,0.016,0.016,2019-09-05 10:46:58
"1178",0.007,0.007,0.007,0.007,0.007,2019-09-05 10:47:08
"1179",0.001,0.001,0.001,0.001,0.001,2019-09-05 10:47:18
"1180",0,0,0,0,0,2019-09-05 10:47:28
"1181",0.015,0.015,0.015,0.015,0.015,2019-09-05 10:47:38
"1182",0.017,0.017,0.017,0.017,0.017,2019-09-05 10:47:48
"1183",0.02,0.02,0.02,0.02,0.022,2019-09-05 10:47:58
"1184",0.021,0.021,0.021,0.021,0.021,2019-09-05 10:48:08
"1185",0.024,0.024,0.024,0.024,0.024,2019-09-05 10:48:18
"1186",0.023,0.023,0.023,0.023,0.023,2019-09-05 10:48:28
"1187",0.022,0.022,0.022,0.022,0.022,2019-09-05 10:48:38
"1188",0.021,0.021,0.021,0.021,0.021,2019-09-05 10:48:48
"1189",0.02,0.021,0.021,0.021,0.021,2019-09-05 10:48:58
"1190",0.02,0.02,0.02,0.02,0.02,2019-09-05 10:49:08
"1191",0.02,0.02,0.02,0.02,0.02,2019-09-05 10:49:18
"1192",0.019,0.019,0.019,0.019,0.019,2019-09-05 10:49:28
"1193",0.019,0.02,0.02,0.02,0.02,2019-09-05 10:49:38
"1194",0.019,0.019,0.019,0.019,0.019,2019-09-05 10:49:48
"1195",0.019,0.019,0.019,0.019,0.019,2019-09-05 10:49:58
"1196",0.019,0.019,0.019,0.019,0.019,2019-09-05 10:50:08
"1197",0.019,0.019,0.019,0.02,0.02,2019-09-05 10:50:18
"1198",0.019,0.019,0.019,0.019,0.019,2019-09-05 10:50:28
"1199",0.019,0.019,0.019,0.019,0.019,2019-09-05 10:50:38
"1200",0.013,0.013,0.013,0.013,0.013,2019-09-05 10:50:48
"1201",0.012,0.012,0.012,0.012,0.012,2019-09-05 10:50:58
"1202",0.011,0.012,0.012,0.012,0.012,2019-09-05 10:51:08
"1203",0.011,0.012,0.012,0.012,0.012,2019-09-05 10:51:18
"1204",0.012,0.012,0.012,0.012,0.012,2019-09-05 10:51:28
"1205",0.012,0.012,0.012,0.012,0.012,2019-09-05 10:51:38
"1206",0.011,0.012,0.012,0.012,0.012,2019-09-05 10:51:48
"1207",0.012,0.012,0.012,0.012,0.012,2019-09-05 10:51:58
"1208",0.012,0.012,0.012,0.012,0.012,2019-09-05 10:52:08
"1209",0.012,0.012,0.012,0.012,0.012,2019-09-05 10:52:18
"1210",0.012,0.012,0.012,0.012,0.012,2019-09-05 10:52:28
"1211",0.012,0.012,0.012,0.012,0.012,2019-09-05 10:52:38
"1212",0.011,0.012,0.012,0.012,0.012,2019-09-05 10:52:48
"1213",0.012,0.012,0.012,0.012,0.012,2019-09-05 10:52:58
"1214",0.012,0.012,0.012,0.012,0.012,2019-09-05 10:53:08
"1215",0.012,0.012,0.012,0.012,0.012,2019-09-05 10:53:18
"1216",0.012,0.012,0.012,0.012,0.012,2019-09-05 10:53:28
"1217",0.011,0.012,0.012,0.012,0.012,2019-09-05 10:53:38
"1218",0.012,0.012,0.012,0.012,0.012,2019-09-05 10:53:48
"1219",0.011,0.012,0.012,0.012,0.012,2019-09-05 10:53:58
"1220",0.012,0.012,0.012,0.012,0.012,2019-09-05 10:54:08
"1221",0.012,0.012,0.012,0.012,0.012,2019-09-05 10:54:18
"1222",0.012,0.012,0.012,0.012,0.012,2019-09-05 10:54:28
"1223",0.011,0.012,0.012,0.012,0.012,2019-09-05 10:54:38
"1224",0.011,0.011,0.011,0.011,0.011,2019-09-05 10:54:48
"1225",0.012,0.012,0.012,0.012,0.012,2019-09-05 10:54:58
"1226",0.011,0.012,0.012,0.012,0.012,2019-09-05 10:55:08
"1227",0.012,0.012,0.012,0.012,0.012,2019-09-05 10:55:18
"1228",0.011,0.011,0.011,0.011,0.011,2019-09-05 10:55:28
"1229",0.011,0.011,0.011,0.011,0.011,2019-09-05 10:55:38
"1230",0.011,0.011,0.011,0.011,0.011,2019-09-05 10:55:48
"1231",0.011,0.011,0.011,0.011,0.011,2019-09-05 10:55:58
"1232",0.011,0.011,0.011,0.011,0.011,2019-09-05 10:56:08
"1233",0.011,0.011,0.011,0.011,0.011,2019-09-05 10:56:18
"1234",0.011,0.011,0.011,0.011,0.011,2019-09-05 10:56:28
"1235",0.011,0.011,0.011,0.011,0.011,2019-09-05 10:56:38
"1236",0.011,0.011,0.011,0.011,0.011,2019-09-05 10:56:48
"1237",0.011,0.011,0.011,0.011,0.011,2019-09-05 10:56:58
"1238",0.011,0.011,0.011,0.011,0.011,2019-09-05 10:57:08
"1239",0.011,0.011,0.011,0.011,0.011,2019-09-05 10:57:18
"1240",0.011,0.011,0.011,0.011,0.011,2019-09-05 10:57:28
"1241",0.011,0.011,0.011,0.011,0.011,2019-09-05 10:57:38
"1242",0.011,0.011,0.011,0.011,0.011,2019-09-05 10:57:48
"1243",0.011,0.011,0.011,0.011,0.011,2019-09-05 10:57:58
"1244",0.011,0.011,0.011,0.011,0.011,2019-09-05 10:58:08
"1245",0.011,0.011,0.011,0.011,0.011,2019-09-05 10:58:18
"1246",0.01,0.01,0.01,0.01,0.01,2019-09-05 10:58:28
"1247",0.01,0.01,0.01,0.01,0.01,2019-09-05 10:58:38
"1248",0.011,0.011,0.011,0.011,0.011,2019-09-05 10:58:48
"1249",0.01,0.01,0.01,0.01,0.01,2019-09-05 10:58:58
"1250",0.01,0.01,0.01,0.01,0.01,2019-09-05 10:59:08
"1251",0.01,0.01,0.01,0.01,0.01,2019-09-05 10:59:18
"1252",0.01,0.01,0.01,0.01,0.01,2019-09-05 10:59:28
"1253",0.01,0.01,0.01,0.01,0.01,2019-09-05 10:59:38
"1254",0.01,0.011,0.011,0.011,0.011,2019-09-05 10:59:48
"1255",0.01,0.01,0.01,0.01,0.01,2019-09-05 10:59:58
"1256",0.01,0.01,0.01,0.01,0.01,2019-09-05 11:00:08
"1257",0.01,0.01,0.01,0.01,0.01,2019-09-05 11:00:18
"1258",0.01,0.01,0.01,0.01,0.01,2019-09-05 11:00:28
"1259",0.01,0.01,0.01,0.01,0.01,2019-09-05 11:00:38
"1260",0.009,0.01,0.01,0.01,0.01,2019-09-05 11:00:48
"1261",0.009,0.009,0.009,0.009,0.009,2019-09-05 11:00:58
"1262",0.009,0.009,0.009,0.009,0.009,2019-09-05 11:01:08
"1263",0.009,0.009,0.009,0.009,0.009,2019-09-05 11:01:18
"1264",0.009,0.009,0.009,0.009,0.009,2019-09-05 11:01:28
"1265",0.003,0.004,0.004,0.004,0.004,2019-09-05 11:01:38
"1266",0.002,0.002,0.002,0.002,0.002,2019-09-05 11:01:48
"1267",0.001,0.002,0.002,0.002,0.002,2019-09-05 11:01:58
"1268",0.001,0.001,0.001,0.001,0.001,2019-09-05 11:02:08
"1269",0.001,0.001,0.001,0.001,0.001,2019-09-05 11:02:18
"1270",0.001,0.001,0.001,0.001,0.001,2019-09-05 11:02:28
"1271",0.001,0.001,0.001,0.001,0.001,2019-09-05 11:02:38
"1272",0.001,0.001,0.001,0.001,0.001,2019-09-05 11:02:48
"1273",0.001,0.001,0.001,0.001,0.001,2019-09-05 11:02:58
"1274",0.001,0.001,0.001,0.001,0.001,2019-09-05 11:03:08
"1275",0.001,0.001,0.001,0.001,0.001,2019-09-05 11:03:18
"1276",0.001,0.001,0.001,0.001,0.001,2019-09-05 11:03:28
"1277",0,0,0,0,0,2019-09-05 11:03:38
"1278",0,0,0,0,0,2019-09-05 11:03:48
"1279",0,0,0,0,0,2019-09-05 11:03:58
"1280",0,0,0,0,0,2019-09-05 11:04:08
"1281",0,0,0,0,0,2019-09-05 11:04:18
"1282",0,0,0,0,0,2019-09-05 11:04:28
"1283",0,0,0,0,0,2019-09-05 11:04:38
"1284",0,0,0,0,0,2019-09-05 11:04:48
"1285",0,0,0,0,0,2019-09-05 11:04:58
"1286",0,0,0,0,0,2019-09-05 11:05:08
"1287",0,0,0,0,0,2019-09-05 11:05:18
"1288",0,0,0,0,0,2019-09-05 11:05:28
"1289",0,0,0,0,0,2019-09-05 11:05:38
"1290",0,0,0,0,0,2019-09-05 11:05:48
"1291",0,0,0,0,0,2019-09-05 11:05:58
"1292",0,0,0,0,0,2019-09-05 11:06:08
"1293",0,0,0,0,0,2019-09-05 11:06:18
"1294",0,0,0,0,0,2019-09-05 11:06:28
"1295",0,0,0,0,0,2019-09-05 11:06:38
"1296",0,0,0,0,0,2019-09-05 11:06:48
"1297",0.009,0.011,0.011,0.011,0.011,2019-09-05 11:06:58
"1298",0.027,0.03,0.031,0.032,0.032,2019-09-05 11:07:08
"1299",0.03,0.034,0.035,0.038,0.038,2019-09-05 11:07:18
"1300",0.029,0.033,0.034,0.035,0.035,2019-09-05 11:07:28
"1301",0.011,0.012,0.013,0.013,0.013,2019-09-05 11:07:38
"1302",0.004,0.005,0.005,0.005,0.005,2019-09-05 11:07:48
"1303",0.004,0.005,0.005,0.005,0.005,2019-09-05 11:07:58
"1304",0.004,0.005,0.005,0.005,0.005,2019-09-05 11:08:08
"1305",0.006,0.007,0.007,0.008,0.008,2019-09-05 11:08:18
"1306",0.025,0.029,0.03,0.031,0.031,2019-09-05 11:08:28
"1307",0.033,0.037,0.038,0.039,0.039,2019-09-05 11:08:38
"1308",0.034,0.038,0.04,0.04,0.04,2019-09-05 11:08:48
"1309",0.022,0.026,0.027,0.027,0.027,2019-09-05 11:08:58
"1310",0.007,0.009,0.009,0.009,0.009,2019-09-05 11:09:08
"1311",0.001,0.002,0.002,0.002,0.002,2019-09-05 11:09:18
"1312",0.001,0.002,0.002,0.002,0.002,2019-09-05 11:09:28
"1313",0.002,0.003,0.003,0.004,0.004,2019-09-05 11:09:38
"1314",0.012,0.014,0.014,0.015,0.015,2019-09-05 11:09:48
"1315",0.025,0.028,0.03,0.03,0.03,2019-09-05 11:09:58
"1316",0.029,0.032,0.033,0.035,0.035,2019-09-05 11:10:08
"1317",0.029,0.033,0.034,0.038,0.038,2019-09-05 11:10:18
"1318",0.017,0.019,0.02,0.02,0.02,2019-09-05 11:10:28
"1319",0.004,0.005,0.006,0.006,0.006,2019-09-05 11:10:38
"1320",0.001,0.001,0.001,0.001,0.001,2019-09-05 11:10:48
"1321",0.001,0.002,0.002,0.002,0.002,2019-09-05 11:10:58
"1322",0.002,0.003,0.003,0.003,0.003,2019-09-05 11:11:08
"1323",0.027,0.03,0.031,0.031,0.031,2019-09-05 11:11:18
"1324",0.043,0.048,0.05,0.052,0.052,2019-09-05 11:11:28
"1325",0.044,0.05,0.052,0.054,0.054,2019-09-05 11:11:38
"1326",0.039,0.044,0.046,0.047,0.047,2019-09-05 11:11:48
"1327",0.016,0.019,0.02,0.02,0.02,2019-09-05 11:11:58
"1328",0.005,0.006,0.007,0.007,0.007,2019-09-05 11:12:08
"1329",0.003,0.004,0.004,0.004,0.004,2019-09-05 11:12:18
"1330",0.003,0.003,0.004,0.004,0.004,2019-09-05 11:12:28
"1331",0.004,0.005,0.005,0.005,0.005,2019-09-05 11:12:38
"1332",0.011,0.011,0.012,0.012,0.012,2019-09-05 11:12:48
"1333",0.02,0.021,0.021,0.021,0.021,2019-09-05 11:12:58
"1334",0.024,0.024,0.025,0.025,0.025,2019-09-05 11:13:08
"1335",0.024,0.025,0.025,0.025,0.025,2019-09-05 11:13:18
"1336",0.018,0.018,0.019,0.019,0.019,2019-09-05 11:13:28
"1337",0.005,0.005,0.005,0.005,0.005,2019-09-05 11:13:38
"1338",0.003,0.004,0.004,0.004,0.004,2019-09-05 11:13:48
"1339",0.003,0.004,0.004,0.004,0.004,2019-09-05 11:13:58
"1340",0.009,0.009,0.01,0.01,0.01,2019-09-05 11:14:08
"1341",0.026,0.029,0.03,0.031,0.031,2019-09-05 11:14:18
"1342",0.034,0.038,0.04,0.042,0.042,2019-09-05 11:14:28
"1343",0.035,0.038,0.039,0.042,0.042,2019-09-05 11:14:38
"1344",0.017,0.019,0.019,0.02,0.02,2019-09-05 11:14:48
"1345",0.006,0.007,0.007,0.007,0.007,2019-09-05 11:14:58
"1346",0.001,0.001,0.001,0.001,0.001,2019-09-05 11:15:08
"1347",0,0,0,0,0,2019-09-05 11:15:18
"1348",0,0,0,0,0,2019-09-05 11:15:28
"1349",0,0,0,0,0,2019-09-05 11:15:38
"1350",0,0,0,0,0,2019-09-05 11:15:48
"1351",0.006,0.006,0.007,0.007,0.007,2019-09-05 11:15:58
"1352",0.011,0.012,0.012,0.013,0.013,2019-09-05 11:16:08
"1353",0.012,0.013,0.013,0.014,0.014,2019-09-05 11:16:18
"1354",0.015,0.016,0.016,0.017,0.019,2019-09-05 11:16:28
"1355",0.025,0.026,0.026,0.027,0.027,2019-09-05 11:16:38
"1356",0.029,0.031,0.031,0.031,0.031,2019-09-05 11:16:48
"1357",0.03,0.031,0.031,0.032,0.032,2019-09-05 11:16:58
"1358",0.03,0.031,0.032,0.032,0.032,2019-09-05 11:17:08
"1359",0.03,0.032,0.032,0.032,0.032,2019-09-05 11:17:18
"1360",0.03,0.032,0.032,0.032,0.032,2019-09-05 11:17:28
"1361",0.029,0.031,0.031,0.031,0.031,2019-09-05 11:17:38
"1362",0.029,0.031,0.031,0.031,0.031,2019-09-05 11:17:48
"1363",0.03,0.031,0.031,0.032,0.032,2019-09-05 11:17:58
"1364",0.029,0.03,0.031,0.031,0.031,2019-09-05 11:18:08
"1365",0.029,0.03,0.03,0.03,0.03,2019-09-05 11:18:18
"1366",0.029,0.03,0.031,0.031,0.031,2019-09-05 11:18:28
"1367",0.028,0.03,0.03,0.03,0.03,2019-09-05 11:18:38
"1368",0.029,0.03,0.031,0.031,0.031,2019-09-05 11:18:48
"1369",0.029,0.03,0.03,0.031,0.031,2019-09-05 11:18:58
"1370",0.015,0.016,0.016,0.016,0.016,2019-09-05 11:19:08
"1371",0.008,0.009,0.009,0.009,0.009,2019-09-05 11:19:18
"1372",0.008,0.008,0.008,0.009,0.009,2019-09-05 11:19:28
"1373",0.009,0.009,0.009,0.009,0.012,2019-09-05 11:19:38
"1374",0.009,0.009,0.009,0.009,0.009,2019-09-05 11:19:48
"1375",0.008,0.009,0.009,0.009,0.009,2019-09-05 11:19:58
"1376",0.009,0.009,0.009,0.009,0.009,2019-09-05 11:20:08
"1377",0.009,0.009,0.009,0.009,0.009,2019-09-05 11:20:18
"1378",0.009,0.009,0.01,0.01,0.01,2019-09-05 11:20:28
"1379",0.008,0.009,0.009,0.009,0.009,2019-09-05 11:20:38
"1380",0.006,0.007,0.007,0.007,0.007,2019-09-05 11:20:48
"1381",0.005,0.006,0.006,0.006,0.006,2019-09-05 11:20:58
"1382",0.005,0.006,0.006,0.006,0.006,2019-09-05 11:21:08
"1383",0.006,0.006,0.006,0.006,0.006,2019-09-05 11:21:18
"1384",0.006,0.006,0.006,0.006,0.006,2019-09-05 11:21:28
"1385",0.006,0.006,0.006,0.006,0.006,2019-09-05 11:21:38
"1386",0.006,0.006,0.006,0.006,0.006,2019-09-05 11:21:48
"1387",0.006,0.007,0.007,0.007,0.007,2019-09-05 11:21:58
"1388",0.006,0.007,0.007,0.007,0.007,2019-09-05 11:22:08
"1389",0.001,0.002,0.002,0.002,0.002,2019-09-05 11:22:18
"1390",0,0,0,0,0,2019-09-05 11:22:28
"1391",0,0,0,0,0,2019-09-05 11:22:38
"1392",0.001,0.001,0.001,0.001,0.001,2019-09-05 11:22:48
"1393",0.024,0.024,0.024,0.024,0.024,2019-09-05 11:22:58
"1394",0.021,0.021,0.021,0.021,0.021,2019-09-05 11:23:08
"1395",0.019,0.019,0.019,0.019,0.019,2019-09-05 11:23:18
"1396",0.017,0.017,0.017,0.017,0.017,2019-09-05 11:23:28
"1397",0.005,0.006,0.006,0.006,0.006,2019-09-05 11:23:38
"1398",0.017,0.017,0.017,0.017,0.017,2019-09-05 11:23:48
"1399",0.027,0.027,0.027,0.027,0.027,2019-09-05 11:23:58
"1400",0.022,0.022,0.022,0.022,0.022,2019-09-05 11:24:08
"1401",0.017,0.017,0.017,0.017,0.017,2019-09-05 11:24:18
"1402",0.005,0.005,0.005,0.005,0.005,2019-09-05 11:24:28
"1403",0.001,0.001,0.001,0.001,0.001,2019-09-05 11:24:38
"1404",0.022,0.022,0.022,0.022,0.022,2019-09-05 11:24:48
"1405",0.046,0.046,0.046,0.046,0.046,2019-09-05 11:24:58
"1406",0.04,0.04,0.04,0.04,0.04,2019-09-05 11:25:08
"1407",0.037,0.037,0.037,0.037,0.037,2019-09-05 11:25:18
"1408",0.026,0.026,0.026,0.026,0.026,2019-09-05 11:25:28
"1409",0.008,0.008,0.008,0.008,0.008,2019-09-05 11:25:38
"1410",0.003,0.003,0.003,0.003,0.003,2019-09-05 11:25:48
"1411",0.017,0.017,0.017,0.017,0.017,2019-09-05 11:25:58
"1412",0.058,0.058,0.058,0.058,0.058,2019-09-05 11:26:08
"1413",0.048,0.048,0.048,0.048,0.048,2019-09-05 11:26:18
"1414",0.045,0.045,0.045,0.045,0.045,2019-09-05 11:26:28
"1415",0.043,0.043,0.043,0.043,0.043,2019-09-05 11:26:38
"1416",0.021,0.021,0.021,0.021,0.021,2019-09-05 11:26:48
"1417",0.007,0.007,0.007,0.007,0.007,2019-09-05 11:26:58
"1418",0.005,0.005,0.005,0.005,0.005,2019-09-05 11:27:08
"1419",0.027,0.027,0.027,0.027,0.027,2019-09-05 11:27:18
"1420",0.024,0.024,0.024,0.024,0.024,2019-09-05 11:27:28
"1421",0.022,0.022,0.022,0.022,0.022,2019-09-05 11:27:38
"1422",0.016,0.016,0.016,0.016,0.016,2019-09-05 11:27:48
"1423",0.004,0.004,0.004,0.004,0.004,2019-09-05 11:27:58
"1424",0.002,0.002,0.002,0.002,0.002,2019-09-05 11:28:08
"1425",0.008,0.008,0.008,0.008,0.008,2019-09-05 11:28:18
"1426",0.021,0.021,0.021,0.021,0.021,2019-09-05 11:28:28
"1427",0.017,0.017,0.017,0.017,0.017,2019-09-05 11:28:38
"1428",0.016,0.016,0.016,0.016,0.016,2019-09-05 11:28:48
"1429",0.009,0.009,0.009,0.009,0.009,2019-09-05 11:28:58
"1430",0.001,0.001,0.001,0.001,0.001,2019-09-05 11:29:08
"1431",0,0,0,0.001,0.001,2019-09-05 11:29:18
"1432",0,0,0,0,0,2019-09-05 11:29:28
"1433",0.043,0.043,0.043,0.043,0.043,2019-09-05 11:29:38
"1434",0.034,0.034,0.034,0.034,0.034,2019-09-05 11:29:48
"1435",0.031,0.031,0.031,0.031,0.031,2019-09-05 11:29:58
"1436",0.03,0.03,0.03,0.03,0.03,2019-09-05 11:30:08
"1437",0.028,0.029,0.029,0.029,0.029,2019-09-05 11:30:18
"1438",0.028,0.028,0.028,0.028,0.038,2019-09-05 11:30:28
"1439",0.027,0.027,0.027,0.027,0.027,2019-09-05 11:30:38
"1440",0.026,0.026,0.027,0.027,0.027,2019-09-05 11:30:48
"1441",0.026,0.026,0.026,0.026,0.026,2019-09-05 11:30:58
"1442",0.025,0.025,0.025,0.025,0.025,2019-09-05 11:31:08
"1443",0.025,0.025,0.025,0.025,0.025,2019-09-05 11:31:18
"1444",0.025,0.025,0.025,0.025,0.025,2019-09-05 11:31:28
"1445",0.025,0.025,0.025,0.025,0.025,2019-09-05 11:31:38
"1446",0.024,0.024,0.024,0.024,0.024,2019-09-05 11:31:48
"1447",0.024,0.024,0.024,0.024,0.024,2019-09-05 11:31:58
"1448",0.023,0.023,0.023,0.023,0.023,2019-09-05 11:32:08
"1449",0.023,0.023,0.023,0.023,0.023,2019-09-05 11:32:18
"1450",0.023,0.023,0.023,0.023,0.023,2019-09-05 11:32:28
"1451",0.023,0.023,0.023,0.023,0.023,2019-09-05 11:32:38
"1452",0.012,0.013,0.013,0.013,0.013,2019-09-05 11:32:48
"1453",0.008,0.008,0.008,0.008,0.008,2019-09-05 11:32:58
"1454",0.008,0.008,0.008,0.008,0.008,2019-09-05 11:33:08
"1455",0.008,0.008,0.008,0.008,0.008,2019-09-05 11:33:18
"1456",0.008,0.008,0.008,0.008,0.008,2019-09-05 11:33:28
"1457",0.008,0.008,0.008,0.008,0.008,2019-09-05 11:33:38
"1458",0.008,0.008,0.008,0.008,0.008,2019-09-05 11:33:48
"1459",0.008,0.008,0.008,0.008,0.008,2019-09-05 11:33:58
"1460",0.008,0.008,0.008,0.008,0.008,2019-09-05 11:34:08
"1461",0.008,0.008,0.008,0.008,0.008,2019-09-05 11:34:18
"1462",0.008,0.008,0.008,0.008,0.008,2019-09-05 11:34:28
"1463",0.008,0.008,0.008,0.008,0.008,2019-09-05 11:34:38
"1464",0.008,0.008,0.008,0.008,0.008,2019-09-05 11:34:48
"1465",0.008,0.008,0.008,0.008,0.008,2019-09-05 11:34:58
"1466",0.008,0.008,0.008,0.008,0.008,2019-09-05 11:35:08
"1467",0.008,0.008,0.008,0.008,0.008,2019-09-05 11:35:18
"1468",0.008,0.008,0.008,0.008,0.008,2019-09-05 11:35:28
"1469",0.008,0.008,0.008,0.008,0.008,2019-09-05 11:35:38
"1470",0.008,0.008,0.008,0.008,0.008,2019-09-05 11:35:48
"1471",0.007,0.008,0.008,0.008,0.008,2019-09-05 11:35:58
"1472",0.008,0.008,0.008,0.008,0.008,2019-09-05 11:36:08
"1473",0.008,0.008,0.008,0.008,0.008,2019-09-05 11:36:18
"1474",0.008,0.008,0.008,0.008,0.008,2019-09-05 11:36:28
"1475",0.007,0.007,0.007,0.007,0.007,2019-09-05 11:36:38
"1476",0.007,0.007,0.007,0.007,0.007,2019-09-05 11:36:48
"1477",0.007,0.007,0.007,0.007,0.007,2019-09-05 11:36:58
"1478",0.007,0.007,0.007,0.007,0.007,2019-09-05 11:37:08
"1479",0.007,0.007,0.007,0.007,0.007,2019-09-05 11:37:18
"1480",0.007,0.007,0.007,0.007,0.007,2019-09-05 11:37:28
"1481",0.006,0.007,0.007,0.007,0.007,2019-09-05 11:37:38
"1482",0.007,0.007,0.007,0.007,0.007,2019-09-05 11:37:48
"1483",0.007,0.007,0.007,0.007,0.007,2019-09-05 11:37:58
"1484",0.006,0.007,0.007,0.007,0.007,2019-09-05 11:38:08
"1485",0.007,0.007,0.007,0.007,0.007,2019-09-05 11:38:18
"1486",0.006,0.006,0.006,0.006,0.006,2019-09-05 11:38:28
"1487",0.007,0.007,0.007,0.007,0.007,2019-09-05 11:38:38
"1488",0.006,0.006,0.006,0.006,0.006,2019-09-05 11:38:48
"1489",0.006,0.006,0.006,0.006,0.006,2019-09-05 11:38:58
"1490",0.006,0.007,0.007,0.007,0.007,2019-09-05 11:39:08
"1491",0.006,0.006,0.006,0.006,0.006,2019-09-05 11:39:18
"1492",0.006,0.006,0.006,0.006,0.006,2019-09-05 11:39:28
"1493",0.006,0.006,0.006,0.006,0.006,2019-09-05 11:39:38
"1494",0.006,0.006,0.006,0.006,0.006,2019-09-05 11:39:48
"1495",0.006,0.006,0.006,0.006,0.006,2019-09-05 11:39:58
"1496",0.006,0.006,0.006,0.006,0.006,2019-09-05 11:40:08
"1497",0.006,0.006,0.006,0.006,0.006,2019-09-05 11:40:18
"1498",0.005,0.005,0.005,0.005,0.005,2019-09-05 11:40:28
"1499",0.005,0.005,0.005,0.005,0.005,2019-09-05 11:40:38
"1500",0.005,0.005,0.005,0.005,0.005,2019-09-05 11:40:48
"1501",0.005,0.005,0.005,0.005,0.005,2019-09-05 11:40:58
"1502",0.005,0.005,0.005,0.005,0.005,2019-09-05 11:41:08
"1503",0.005,0.005,0.005,0.005,0.005,2019-09-05 11:41:18
"1504",0.005,0.005,0.005,0.005,0.005,2019-09-05 11:41:28
"1505",0.005,0.005,0.005,0.005,0.005,2019-09-05 11:41:38
"1506",0.005,0.005,0.005,0.005,0.005,2019-09-05 11:41:48
"1507",0.005,0.005,0.005,0.005,0.005,2019-09-05 11:41:58
"1508",0.004,0.005,0.005,0.005,0.005,2019-09-05 11:42:08
"1509",0.004,0.004,0.004,0.004,0.004,2019-09-05 11:42:18
"1510",0,0,0,0,0,2019-09-05 11:42:28
"1511",0,0,0,0,0,2019-09-05 11:42:38
"1512",0,0,0,0,0,2019-09-05 11:42:48
"1513",0,0,0,0,0,2019-09-05 11:42:58
"1514",0,0,0,0,0,2019-09-05 11:43:08
"1515",0,0,0,0,0,2019-09-05 11:43:18
"1516",0,0,0,0,0,2019-09-05 11:43:28
"1517",0,0,0,0,0,2019-09-05 11:43:38
"1518",0,0,0,0,0,2019-09-05 11:43:48
"1519",0,0,0,0,0,2019-09-05 11:43:58
"1520",0,0,0,0,0,2019-09-05 11:44:08
"1521",0,0,0,0,0,2019-09-05 11:44:18
"1522",0,0,0,0,0,2019-09-05 11:44:28
"1523",0,0,0,0,0,2019-09-05 11:44:38
"1524",0,0,0,0,0,2019-09-05 11:44:48
"1525",0,0,0,0,0,2019-09-05 11:44:58
"1526",0,0,0,0,0,2019-09-05 11:45:08
"1527",0,0,0,0,0,2019-09-05 11:45:18
"1528",0,0,0,0,0,2019-09-05 11:45:28
"1529",0,0,0,0,0,2019-09-05 11:45:38
"1530",0,0,0,0,0,2019-09-05 11:45:48
"1531",0,0,0,0,0,2019-09-05 11:45:58
"1532",0,0,0,0,0,2019-09-05 11:46:08
"1533",0,0,0,0,0,2019-09-05 11:46:18
"1534",0,0,0,0,0,2019-09-05 11:46:28
"1535",0,0,0,0,0,2019-09-05 11:46:38
"1536",0,0,0,0,0,2019-09-05 11:46:48
"1537",0,0,0,0,0,2019-09-05 11:46:58
"1538",0,0,0,0,0,2019-09-05 11:47:08
"1539",0,0,0,0,0,2019-09-05 11:47:18
"1540",0,0,0,0,0,2019-09-05 11:47:28
"1541",0,0,0,0,0,2019-09-05 11:47:38
"1542",0,0,0,0,0,2019-09-05 11:47:48
"1543",0,0,0,0,0,2019-09-05 11:47:58
"1544",0,0,0,0,0,2019-09-05 11:48:08
"1545",0,0,0,0,0,2019-09-05 11:48:18
"1546",0,0,0,0,0,2019-09-05 11:48:28
"1547",0,0,0,0,0,2019-09-05 11:48:38
"1548",0,0,0,0,0,2019-09-05 11:48:48
"1549",0,0,0,0,0,2019-09-05 11:48:58
"1550",0,0,0,0,0,2019-09-05 11:49:08
"1551",0,0,0,0,0,2019-09-05 11:49:18
"1552",0,0,0,0,0,2019-09-05 11:49:28
"1553",0,0,0,0,0,2019-09-05 11:49:38
"1554",0,0,0,0,0,2019-09-05 11:49:48
"1555",0,0,0,0,0,2019-09-05 11:49:58
"1556",0,0,0,0,0,2019-09-05 11:50:08
"1557",0,0,0,0,0,2019-09-05 11:50:18
"1558",0,0,0,0,0,2019-09-05 11:50:28
"1559",0,0,0,0,0,2019-09-05 11:50:38
"1560",0,0,0,0,0,2019-09-05 11:50:48
"1561",0,0,0,0,0,2019-09-05 11:50:58
"1562",0,0,0,0,0,2019-09-05 11:51:08
"1563",0,0,0,0,0,2019-09-05 11:51:18
"1564",0,0,0,0,0,2019-09-05 11:51:28
"1565",0,0,0,0,0,2019-09-05 11:51:38
"1566",0,0,0,0,0,2019-09-05 11:51:48
"1567",0,0,0,0,0,2019-09-05 11:51:58
"1568",0,0,0,0,0,2019-09-05 11:52:08
"1569",0,0,0,0,0,2019-09-05 11:52:18
"1570",0,0,0,0,0,2019-09-05 11:52:28
"1571",0,0,0,0,0,2019-09-05 11:52:38
"1572",0,0,0,0,0,2019-09-05 11:52:48
"1573",0,0,0,0,0,2019-09-05 11:52:58
"1574",0,0,0,0,0,2019-09-05 11:53:08
"1575",0,0,0,0,0,2019-09-05 11:53:18
"1576",0,0,0,0,0,2019-09-05 11:53:28
"1577",0,0,0,0,0,2019-09-05 11:53:38
"1578",0,0,0,0,0,2019-09-05 11:53:48
"1579",0,0,0,0,0,2019-09-05 11:53:58
"1580",0,0,0,0,0,2019-09-05 11:54:08
"1581",0,0,0,0,0,2019-09-05 11:54:18
"1582",0,0,0,0,0,2019-09-05 11:54:28
"1583",0,0,0,0,0,2019-09-05 11:54:38
"1584",0,0,0,0,0,2019-09-05 11:54:48
"1585",0,0,0,0,0,2019-09-05 11:54:58
"1586",0,0,0,0,0,2019-09-05 11:55:08
"1587",0,0,0,0,0,2019-09-05 11:55:18
"1588",0,0,0,0,0,2019-09-05 11:55:28
"1589",0,0,0,0,0,2019-09-05 11:55:38
"1590",0,0,0,0,0,2019-09-05 11:55:48
"1591",0,0,0,0,0,2019-09-05 11:55:58
"1592",0,0,0,0,0,2019-09-05 11:56:08
"1593",0,0,0,0,0,2019-09-05 11:56:18
"1594",0,0,0,0,0,2019-09-05 11:56:28
"1595",0.008,0.01,0.01,0.011,0.011,2019-09-05 11:56:38
"1596",0.023,0.026,0.028,0.03,0.03,2019-09-05 11:56:48
"1597",0.027,0.031,0.033,0.036,0.036,2019-09-05 11:56:58
"1598",0.023,0.026,0.028,0.028,0.028,2019-09-05 11:57:08
"1599",0.009,0.01,0.011,0.012,0.012,2019-09-05 11:57:18
"1600",0.002,0.002,0.003,0.003,0.003,2019-09-05 11:57:28
"1601",0.001,0.001,0.001,0.001,0.001,2019-09-05 11:57:38
"1602",0.002,0.003,0.003,0.003,0.003,2019-09-05 11:57:48
"1603",0.004,0.005,0.005,0.005,0.005,2019-09-05 11:57:58
"1604",0.02,0.023,0.025,0.027,0.027,2019-09-05 11:58:08
"1605",0.026,0.03,0.031,0.033,0.037,2019-09-05 11:58:18
"1606",0.027,0.032,0.034,0.035,0.035,2019-09-05 11:58:28
"1607",0.024,0.028,0.029,0.03,0.031,2019-09-05 11:58:38
"1608",0.009,0.011,0.012,0.012,0.015,2019-09-05 11:58:48
"1609",0.002,0.003,0.004,0.004,0.004,2019-09-05 11:58:58
"1610",0.002,0.003,0.003,0.003,0.003,2019-09-05 11:59:08
"1611",0.003,0.004,0.004,0.004,0.004,2019-09-05 11:59:18
"1612",0.003,0.003,0.004,0.004,0.004,2019-09-05 11:59:28
"1613",0.003,0.004,0.004,0.004,0.004,2019-09-05 11:59:38
"1614",0.003,0.004,0.004,0.004,0.004,2019-09-05 11:59:48
"1615",0.008,0.009,0.01,0.011,0.011,2019-09-05 11:59:58
"1616",0.029,0.033,0.035,0.038,0.038,2019-09-05 12:00:08
"1617",0.038,0.043,0.045,0.047,0.047,2019-09-05 12:00:18
"1618",0.04,0.045,0.047,0.049,0.049,2019-09-05 12:00:28
"1619",0.038,0.044,0.046,0.048,0.048,2019-09-05 12:00:38
"1620",0.015,0.018,0.018,0.019,0.019,2019-09-05 12:00:48
"1621",0.006,0.007,0.007,0.007,0.007,2019-09-05 12:00:58
"1622",0.006,0.007,0.007,0.008,0.008,2019-09-05 12:01:08
"1623",0.006,0.007,0.008,0.008,0.008,2019-09-05 12:01:18
"1624",0.006,0.008,0.008,0.008,0.008,2019-09-05 12:01:28
"1625",0.011,0.012,0.012,0.012,0.012,2019-09-05 12:01:38
"1626",0.019,0.021,0.021,0.022,0.022,2019-09-05 12:01:48
"1627",0.021,0.023,0.024,0.025,0.025,2019-09-05 12:01:58
"1628",0.021,0.023,0.023,0.024,0.024,2019-09-05 12:02:08
"1629",0.013,0.015,0.015,0.015,0.015,2019-09-05 12:02:18
"1630",0.004,0.004,0.004,0.005,0.005,2019-09-05 12:02:28
"1631",0.003,0.003,0.003,0.003,0.003,2019-09-05 12:02:38
"1632",0.003,0.003,0.003,0.003,0.003,2019-09-05 12:02:48
"1633",0.004,0.004,0.004,0.005,0.005,2019-09-05 12:02:58
"1634",0.006,0.006,0.007,0.007,0.007,2019-09-05 12:03:08
"1635",0.014,0.015,0.015,0.015,0.015,2019-09-05 12:03:18
"1636",0.021,0.023,0.024,0.025,0.025,2019-09-05 12:03:28
"1637",0.025,0.028,0.029,0.03,0.03,2019-09-05 12:03:38
"1638",0.026,0.028,0.029,0.029,0.029,2019-09-05 12:03:48
"1639",0.022,0.025,0.025,0.026,0.026,2019-09-05 12:03:58
"1640",0.008,0.01,0.01,0.011,0.011,2019-09-05 12:04:08
"1641",0.006,0.007,0.007,0.007,0.009,2019-09-05 12:04:18
"1642",0.006,0.007,0.007,0.008,0.008,2019-09-05 12:04:28
"1643",0.007,0.008,0.009,0.01,0.01,2019-09-05 12:04:38
"1644",0.007,0.008,0.009,0.009,0.009,2019-09-05 12:04:48
"1645",0.011,0.012,0.012,0.013,0.013,2019-09-05 12:04:58
"1646",0.022,0.024,0.024,0.026,0.026,2019-09-05 12:05:08
"1647",0.024,0.026,0.027,0.027,0.027,2019-09-05 12:05:18
"1648",0.026,0.028,0.029,0.029,0.029,2019-09-05 12:05:28
"1649",0.018,0.02,0.02,0.02,0.023,2019-09-05 12:05:38
"1650",0.006,0.007,0.007,0.007,0.007,2019-09-05 12:05:48
"1651",0.001,0.001,0.001,0.002,0.002,2019-09-05 12:05:58
"1652",0,0,0,0,0,2019-09-05 12:06:08
"1653",0,0,0,0,0,2019-09-05 12:06:18
"1654",0,0,0,0,0,2019-09-05 12:06:28
"1655",0,0,0,0,0,2019-09-05 12:06:38
"1656",0.002,0.002,0.002,0.002,0.002,2019-09-05 12:06:48
"1657",0.006,0.007,0.007,0.007,0.007,2019-09-05 12:06:58
"1658",0.008,0.009,0.009,0.009,0.009,2019-09-05 12:07:08
"1659",0.009,0.009,0.01,0.01,0.01,2019-09-05 12:07:18
"1660",0.014,0.015,0.015,0.015,0.015,2019-09-05 12:07:28
"1661",0.028,0.03,0.03,0.03,0.034,2019-09-05 12:07:38
"1662",0.031,0.033,0.033,0.033,0.033,2019-09-05 12:07:48
"1663",0.032,0.034,0.035,0.035,0.035,2019-09-05 12:07:58
"1664",0.031,0.034,0.034,0.034,0.034,2019-09-05 12:08:08
"1665",0.032,0.034,0.034,0.035,0.035,2019-09-05 12:08:18
"1666",0.031,0.034,0.034,0.035,0.035,2019-09-05 12:08:28
"1667",0.031,0.033,0.034,0.034,0.034,2019-09-05 12:08:38
"1668",0.03,0.032,0.033,0.033,0.033,2019-09-05 12:08:48
"1669",0.031,0.033,0.033,0.033,0.033,2019-09-05 12:08:58
"1670",0.031,0.033,0.033,0.034,0.034,2019-09-05 12:09:08
"1671",0.031,0.034,0.034,0.034,0.034,2019-09-05 12:09:18
"1672",0.031,0.033,0.033,0.033,0.033,2019-09-05 12:09:28
"1673",0.03,0.032,0.033,0.033,0.033,2019-09-05 12:09:38
"1674",0.031,0.033,0.033,0.033,0.033,2019-09-05 12:09:48
"1675",0.03,0.032,0.032,0.032,0.032,2019-09-05 12:09:58
"1676",0.03,0.032,0.032,0.032,0.032,2019-09-05 12:10:08
"1677",0.03,0.032,0.032,0.032,0.032,2019-09-05 12:10:18
"1678",0.028,0.03,0.03,0.031,0.031,2019-09-05 12:10:28
"1679",0.028,0.03,0.03,0.03,0.03,2019-09-05 12:10:38
"1680",0.029,0.031,0.031,0.032,0.032,2019-09-05 12:10:48
"1681",0.027,0.029,0.029,0.03,0.03,2019-09-05 12:10:58
"1682",0.013,0.014,0.014,0.014,0.014,2019-09-05 12:11:08
"1683",0.013,0.014,0.014,0.014,0.014,2019-09-05 12:11:18
"1684",0.013,0.014,0.014,0.014,0.014,2019-09-05 12:11:28
"1685",0.013,0.014,0.014,0.014,0.014,2019-09-05 12:11:38
"1686",0.013,0.014,0.014,0.014,0.014,2019-09-05 12:11:48
"1687",0.013,0.014,0.014,0.014,0.014,2019-09-05 12:11:58
"1688",0.013,0.014,0.014,0.016,0.016,2019-09-05 12:12:08
"1689",0.012,0.013,0.013,0.013,0.013,2019-09-05 12:12:18
"1690",0.012,0.013,0.013,0.013,0.013,2019-09-05 12:12:28
"1691",0.008,0.009,0.009,0.009,0.009,2019-09-05 12:12:38
"1692",0.008,0.009,0.009,0.009,0.009,2019-09-05 12:12:48
"1693",0.008,0.008,0.009,0.009,0.01,2019-09-05 12:12:58
"1694",0.006,0.007,0.007,0.007,0.008,2019-09-05 12:13:08
"1695",0.005,0.005,0.005,0.005,0.005,2019-09-05 12:13:18
"1696",0.004,0.005,0.005,0.005,0.005,2019-09-05 12:13:28
"1697",0.005,0.005,0.005,0.005,0.005,2019-09-05 12:13:38
"1698",0.005,0.006,0.006,0.006,0.006,2019-09-05 12:13:48
"1699",0.005,0.006,0.006,0.006,0.006,2019-09-05 12:13:58
"1700",0.001,0.002,0.002,0.002,0.002,2019-09-05 12:14:08
"1701",0,0,0,0,0,2019-09-05 12:14:18
"1702",0,0,0,0,0,2019-09-05 12:14:28
"1703",0,0,0,0,0,2019-09-05 12:14:38
"1704",0,0,0,0,0,2019-09-05 12:14:48
"1705",0,0,0,0,0,2019-09-05 12:14:58
"1706",0.008,0.008,0.008,0.008,0.008,2019-09-05 12:15:08
"1707",0.026,0.027,0.027,0.027,0.027,2019-09-05 12:15:18
"1708",0.019,0.019,0.019,0.019,0.019,2019-09-05 12:15:28
"1709",0.019,0.019,0.019,0.019,0.019,2019-09-05 12:15:38
"1710",0.009,0.01,0.01,0.01,0.01,2019-09-05 12:15:48
"1711",0.001,0.001,0.001,0.001,0.001,2019-09-05 12:15:58
"1712",0.004,0.004,0.004,0.004,0.004,2019-09-05 12:16:08
"1713",0.029,0.029,0.029,0.029,0.029,2019-09-05 12:16:18
"1714",0.025,0.025,0.025,0.025,0.025,2019-09-05 12:16:28
"1715",0.024,0.024,0.024,0.024,0.024,2019-09-05 12:16:38
"1716",0.014,0.014,0.014,0.014,0.014,2019-09-05 12:16:48
"1717",0.006,0.006,0.006,0.006,0.006,2019-09-05 12:16:58
"1718",0.012,0.012,0.012,0.012,0.012,2019-09-05 12:17:08
"1719",0.021,0.022,0.022,0.022,0.022,2019-09-05 12:17:18
"1720",0.019,0.019,0.019,0.019,0.019,2019-09-05 12:17:28
"1721",0.015,0.015,0.015,0.015,0.015,2019-09-05 12:17:38
"1722",0.005,0.005,0.005,0.005,0.005,2019-09-05 12:17:48
"1723",0.004,0.004,0.004,0.004,0.004,2019-09-05 12:17:58
"1724",0.01,0.01,0.01,0.01,0.01,2019-09-05 12:18:08
"1725",0.014,0.014,0.014,0.014,0.014,2019-09-05 12:18:18
"1726",0.012,0.012,0.012,0.012,0.012,2019-09-05 12:18:28
"1727",0.009,0.009,0.009,0.009,0.009,2019-09-05 12:18:38
"1728",0.003,0.003,0.003,0.003,0.003,2019-09-05 12:18:48
"1729",0.01,0.01,0.01,0.01,0.01,2019-09-05 12:18:58
"1730",0.035,0.035,0.035,0.035,0.035,2019-09-05 12:19:08
"1731",0.028,0.028,0.028,0.028,0.028,2019-09-05 12:19:18
"1732",0.027,0.027,0.027,0.027,0.027,2019-09-05 12:19:28
"1733",0.023,0.024,0.024,0.024,0.024,2019-09-05 12:19:38
"1734",0.008,0.008,0.009,0.009,0.009,2019-09-05 12:19:48
"1735",0.006,0.006,0.006,0.006,0.006,2019-09-05 12:19:58
"1736",0.04,0.04,0.04,0.04,0.04,2019-09-05 12:20:08
"1737",0.052,0.052,0.052,0.052,0.052,2019-09-05 12:20:18
"1738",0.044,0.044,0.044,0.044,0.044,2019-09-05 12:20:28
"1739",0.042,0.042,0.042,0.042,0.042,2019-09-05 12:20:38
"1740",0.021,0.021,0.021,0.021,0.021,2019-09-05 12:20:48
"1741",0.006,0.006,0.006,0.006,0.006,2019-09-05 12:20:58
"1742",0.003,0.003,0.003,0.003,0.003,2019-09-05 12:21:08
"1743",0.014,0.014,0.014,0.014,0.014,2019-09-05 12:21:18
"1744",0.013,0.013,0.013,0.013,0.013,2019-09-05 12:21:28
"1745",0.012,0.012,0.012,0.012,0.012,2019-09-05 12:21:38
"1746",0.008,0.008,0.008,0.008,0.008,2019-09-05 12:21:48
"1747",0.001,0.001,0.001,0.001,0.001,2019-09-05 12:21:58
"1748",0,0,0,0,0,2019-09-05 12:22:08
"1749",0,0,0,0,0,2019-09-05 12:22:18
"1750",0.014,0.014,0.014,0.014,0.014,2019-09-05 12:22:28
"1751",0.017,0.017,0.017,0.017,0.017,2019-09-05 12:22:38
"1752",0.02,0.02,0.02,0.02,0.02,2019-09-05 12:22:48
"1753",0.018,0.018,0.018,0.018,0.018,2019-09-05 12:22:58
"1754",0.017,0.017,0.017,0.017,0.017,2019-09-05 12:23:08
"1755",0.016,0.016,0.016,0.016,0.016,2019-09-05 12:23:18
"1756",0.016,0.016,0.016,0.016,0.016,2019-09-05 12:23:28
"1757",0.015,0.016,0.016,0.016,0.016,2019-09-05 12:23:38
"1758",0.015,0.015,0.015,0.015,0.015,2019-09-05 12:23:48
"1759",0.015,0.015,0.015,0.015,0.015,2019-09-05 12:23:58
"1760",0.014,0.014,0.014,0.014,0.014,2019-09-05 12:24:08
"1761",0.014,0.014,0.014,0.014,0.014,2019-09-05 12:24:18
"1762",0.014,0.014,0.014,0.014,0.014,2019-09-05 12:24:28
"1763",0.014,0.014,0.014,0.014,0.014,2019-09-05 12:24:38
"1764",0.014,0.014,0.014,0.014,0.014,2019-09-05 12:24:48
"1765",0.014,0.014,0.014,0.014,0.014,2019-09-05 12:24:58
"1766",0.013,0.013,0.013,0.013,0.013,2019-09-05 12:25:08
"1767",0.013,0.013,0.013,0.013,0.013,2019-09-05 12:25:18
"1768",0.013,0.013,0.013,0.013,0.013,2019-09-05 12:25:28
"1769",0.013,0.013,0.013,0.013,0.013,2019-09-05 12:25:38
"1770",0.013,0.013,0.013,0.013,0.013,2019-09-05 12:25:48
"1771",0.013,0.013,0.013,0.013,0.013,2019-09-05 12:25:58
"1772",0.012,0.013,0.013,0.013,0.013,2019-09-05 12:26:08
"1773",0.012,0.012,0.012,0.012,0.012,2019-09-05 12:26:18
"1774",0.012,0.012,0.012,0.012,0.012,2019-09-05 12:26:28
"1775",0.012,0.012,0.012,0.012,0.012,2019-09-05 12:26:38
"1776",0.012,0.012,0.012,0.012,0.012,2019-09-05 12:26:48
"1777",0.011,0.011,0.011,0.011,0.011,2019-09-05 12:26:58
"1778",0.011,0.011,0.011,0.011,0.011,2019-09-05 12:27:08
"1779",0.011,0.011,0.011,0.011,0.011,2019-09-05 12:27:18
"1780",0.011,0.011,0.011,0.011,0.011,2019-09-05 12:27:28
"1781",0.011,0.011,0.011,0.011,0.011,2019-09-05 12:27:38
"1782",0.011,0.011,0.011,0.011,0.011,2019-09-05 12:27:48
"1783",0.01,0.01,0.01,0.01,0.01,2019-09-05 12:27:58
"1784",0.011,0.011,0.011,0.011,0.011,2019-09-05 12:28:08
"1785",0.01,0.01,0.01,0.01,0.01,2019-09-05 12:28:18
"1786",0.01,0.01,0.01,0.01,0.01,2019-09-05 12:28:28
"1787",0.01,0.01,0.01,0.01,0.01,2019-09-05 12:28:38
"1788",0.01,0.01,0.01,0.01,0.01,2019-09-05 12:28:48
"1789",0.01,0.01,0.01,0.01,0.01,2019-09-05 12:28:58
"1790",0.009,0.01,0.01,0.01,0.01,2019-09-05 12:29:08
"1791",0.005,0.005,0.005,0.005,0.005,2019-09-05 12:29:18
"1792",0.003,0.003,0.003,0.003,0.003,2019-09-05 12:29:28
"1793",0.002,0.002,0.002,0.002,0.002,2019-09-05 12:29:38
"1794",0.003,0.003,0.003,0.003,0.003,2019-09-05 12:29:48
"1795",0.003,0.003,0.003,0.003,0.003,2019-09-05 12:29:58
"1796",0.003,0.003,0.003,0.003,0.003,2019-09-05 12:30:08
"1797",0.003,0.003,0.003,0.003,0.003,2019-09-05 12:30:18
"1798",0.002,0.003,0.003,0.003,0.003,2019-09-05 12:30:28
"1799",0.003,0.003,0.003,0.003,0.003,2019-09-05 12:30:38
"1800",0.002,0.002,0.002,0.002,0.002,2019-09-05 12:30:48
"1801",0.003,0.003,0.003,0.003,0.003,2019-09-05 12:30:58
"1802",0.003,0.003,0.003,0.003,0.003,2019-09-05 12:31:08
"1803",0.002,0.003,0.003,0.003,0.003,2019-09-05 12:31:18
"1804",0.003,0.003,0.003,0.003,0.003,2019-09-05 12:31:28
"1805",0.003,0.003,0.003,0.003,0.003,2019-09-05 12:31:38
"1806",0.003,0.003,0.003,0.003,0.003,2019-09-05 12:31:48
"1807",0.002,0.002,0.002,0.002,0.002,2019-09-05 12:31:58
"1808",0.001,0.001,0.001,0.001,0.001,2019-09-05 12:32:08
"1809",0.001,0.001,0.001,0.001,0.001,2019-09-05 12:32:18
"1810",0.001,0.001,0.001,0.001,0.001,2019-09-05 12:32:28
"1811",0.002,0.002,0.002,0.002,0.002,2019-09-05 12:32:38
"1812",0.002,0.002,0.002,0.002,0.002,2019-09-05 12:32:48
"1813",0.002,0.002,0.002,0.002,0.002,2019-09-05 12:32:58
"1814",0.002,0.002,0.002,0.002,0.002,2019-09-05 12:33:08
"1815",0.003,0.003,0.003,0.003,0.003,2019-09-05 12:33:18
"1816",0.003,0.003,0.003,0.003,0.003,2019-09-05 12:33:28
"1817",0.005,0.005,0.005,0.005,0.005,2019-09-05 12:33:38
"1818",0.005,0.005,0.005,0.005,0.005,2019-09-05 12:33:48
"1819",0.005,0.005,0.005,0.005,0.005,2019-09-05 12:33:58
"1820",0.018,0.018,0.018,0.019,0.019,2019-09-05 12:34:08
"1821",0.061,0.062,0.063,0.063,0.073,2019-09-05 12:34:18
"1822",0.087,0.089,0.089,0.089,0.089,2019-09-05 12:34:28
"1823",0.101,0.103,0.103,0.103,0.103,2019-09-05 12:34:38
"1824",0.106,0.109,0.109,0.109,0.109,2019-09-05 12:34:48
"1825",0.108,0.111,0.111,0.112,0.112,2019-09-05 12:34:58
"1826",0.11,0.113,0.113,0.113,0.113,2019-09-05 12:35:08
"1827",0.111,0.113,0.113,0.113,0.113,2019-09-05 12:35:18
"1828",0.111,0.113,0.113,0.113,0.115,2019-09-05 12:35:28
"1829",0.11,0.112,0.113,0.113,0.113,2019-09-05 12:35:38
"1830",0.094,0.096,0.096,0.096,0.096,2019-09-05 12:35:48
"1831",0.079,0.081,0.081,0.081,0.086,2019-09-05 12:35:58
"1832",0.079,0.08,0.08,0.08,0.092,2019-09-05 12:36:08
"1833",0.077,0.079,0.079,0.079,0.084,2019-09-05 12:36:18
"1834",0.077,0.078,0.078,0.078,0.078,2019-09-05 12:36:28
"1835",0.075,0.077,0.077,0.077,0.077,2019-09-05 12:36:38
"1836",0.077,0.078,0.078,0.079,0.079,2019-09-05 12:36:48
"1837",0.074,0.076,0.076,0.076,0.076,2019-09-05 12:36:58
"1838",0.074,0.075,0.075,0.075,0.075,2019-09-05 12:37:08
"1839",0.073,0.075,0.075,0.075,0.075,2019-09-05 12:37:18
"1840",0.073,0.075,0.075,0.075,0.075,2019-09-05 12:37:28
"1841",0.071,0.073,0.073,0.074,0.074,2019-09-05 12:37:38
"1842",0.07,0.072,0.072,0.072,0.072,2019-09-05 12:37:48
"1843",0.071,0.072,0.072,0.073,0.073,2019-09-05 12:37:58
"1844",0.068,0.069,0.069,0.069,0.069,2019-09-05 12:38:08
"1845",0.065,0.066,0.066,0.067,0.067,2019-09-05 12:38:18
"1846",0.062,0.064,0.064,0.064,0.064,2019-09-05 12:38:28
"1847",0.063,0.064,0.064,0.064,0.074,2019-09-05 12:38:38
"1848",0.054,0.055,0.055,0.056,0.056,2019-09-05 12:38:48
"1849",0.052,0.053,0.053,0.053,0.053,2019-09-05 12:38:58
"1850",0.055,0.056,0.056,0.056,0.056,2019-09-05 12:39:08
"1851",0.053,0.054,0.054,0.054,0.054,2019-09-05 12:39:18
"1852",0.043,0.044,0.044,0.044,0.044,2019-09-05 12:39:28
"1853",0.041,0.042,0.042,0.042,0.042,2019-09-05 12:39:38
"1854",0.039,0.039,0.039,0.04,0.04,2019-09-05 12:39:48
"1855",0.038,0.039,0.039,0.039,0.039,2019-09-05 12:39:58
"1856",0.035,0.036,0.036,0.036,0.036,2019-09-05 12:40:08
"1857",0.035,0.036,0.036,0.036,0.036,2019-09-05 12:40:18
"1858",0.035,0.036,0.036,0.036,0.036,2019-09-05 12:40:28
"1859",0.033,0.034,0.034,0.034,0.034,2019-09-05 12:40:38
"1860",0.031,0.032,0.032,0.032,0.032,2019-09-05 12:40:48
"1861",0.031,0.031,0.031,0.031,0.031,2019-09-05 12:40:58
"1862",0.029,0.029,0.029,0.029,0.029,2019-09-05 12:41:08
"1863",0.028,0.028,0.028,0.029,0.029,2019-09-05 12:41:18
"1864",0.025,0.025,0.025,0.025,0.025,2019-09-05 12:41:28
"1865",0.024,0.024,0.024,0.024,0.024,2019-09-05 12:41:38
